,xdata,ydata
0,1.5563349043296506,0.14485793732162688
1,0.5775768870676663,0.23840662119617428
2,0.3466890650078295,0.2718812685357153
3,0.6349901477318134,0.23173353258810397
4,0.21655340615878385,0.3011173662587605
5,0.9562878126085719,0.19841059134210295
6,1.193646989459638,0.19046312082838818
7,1.7349463595832262,0.13783714418769905
8,0.7278933469204661,0.21116639898688988
9,0.8511651625620276,0.20264186456997785
10,0.8429994809828342,0.2033676849463527
11,1.0385916136815259,0.1959719654578512
12,0.6621652027105737,0.22267108427325272
13,1.9158673470822778,0.11809326501911371
14,3.6134995556462717,0.07740626080264854
15,0.349028893822623,0.2799225139403725
16,1.0642745914658684,0.1935787081378707
17,0.32186264376585993,0.28303414562209667
18,0.4324057813484018,0.24576082495455578
19,0.3032212846520636,0.3076823241491513
20,0.809975004057983,0.21683005939538974
21,1.1399276220153929,0.1926296093020199
22,0.5291759435227726,0.23445741251068733
23,0.24750702132123667,0.2960227543969627
24,1.2132162682769265,0.19094005287710147
25,0.6828352457101918,0.2423979666193303
26,0.9311947862729966,0.20252058035099577
27,0.6794461429134846,0.24026453594922642
28,0.8087181924536437,0.20136498155226132
29,0.5800373914599911,0.24436637323436156
30,1.5639636325911948,0.15109091616194514
31,0.8154968686306787,0.20222197696904123
32,0.20193016923272686,0.3036812362064425
33,0.40892583784708364,0.2515322201982028
34,1.3863815852494275,0.15874054748135777
35,0.6798273996665422,0.2336291150947436
36,0.5318013487267375,0.25985305934593267
37,0.9350467502792164,0.18041420961503052
38,2.3869088928409146,0.10674894203823315
39,0.5516564775981403,0.23844078179155953
40,1.6470430936562652,0.14214232716023575
41,2.1795173549205407,0.10956192072833082
42,0.2368527455376902,0.2986324340225797
43,1.0983030311098885,0.19449628441359199
44,0.37130659561096785,0.27766349680319646
45,0.4141515600746404,0.28262106022671957
46,0.12341129138991304,0.32145602395639794
47,0.6567196316609065,0.23841223224124009
48,0.5360045649003243,0.2511655466404999
49,1.7065865309140187,0.14037809847222504
50,4.586241689885396,0.06378140549622123
51,0.2908480922228478,0.28430291545223174
52,0.4295225077554561,0.2547086459006445
53,0.8587737432548077,0.20110244825567045
54,3.2139048449334715,0.07052640127041952
55,0.41114415688316625,0.28202380812046035
56,0.14298597644888122,0.33254739612441275
57,1.2862476668968796,0.15270174629214414
58,0.9184167715293167,0.18554447381494926
59,1.6230312273435188,0.14232651500349444
60,0.7894823623273933,0.2028567056195194
61,0.4381014769150131,0.2546315539647565
62,0.9283333176140051,0.2087598178408712
63,0.465841137891424,0.2615719413777945
64,3.045119259225417,0.08627782447602261
65,0.262333317349495,0.31668278172157155
66,1.1152562214051351,0.18686860610227732
67,0.49039684143909174,0.2411949303448925
68,0.7106571576172651,0.22665868819868204
69,1.7006537341615735,0.1250711566699204
70,0.4461230641464959,0.2731442113326585
71,3.717489233534325,0.07639201570230898
72,1.323387604775775,0.17023436151482924
73,0.6603399660587673,0.22713341036468693
74,3.040578746909568,0.10250856651291969
75,1.6510969574742818,0.14235350377642683
76,1.883603556763765,0.12606917425769162
77,0.6026882370646455,0.2425374915200791
78,0.2133439302319882,0.30238295476004423
79,0.25495324442555634,0.2872852581920058
80,0.2368709821146939,0.3055337721869955
81,0.5478909468027695,0.2461536511820024
82,1.1426628570677957,0.17709180682267936
83,0.48897579286120796,0.23104759515665166
84,0.953819819831471,0.19882059017087014
85,0.5198572418082563,0.24757368625078696
86,1.0533374140956346,0.19941035629792345
87,1.0772835014163353,0.1872628372176321
88,2.131525806695634,0.12133095417319283
89,0.38136482978153,0.2628932414536791
90,0.8328786429686789,0.2155477941464256
91,0.33249684370615357,0.26669287375675926
92,0.23806403307952456,0.2996464198549734
93,0.29769262794211765,0.2948400721111561
94,0.432547637315413,0.2667828240082962
95,1.9826109453739245,0.13105444170723612
96,1.4357117743443375,0.17012627098984306
97,1.9047580571223077,0.11790851446468427
98,0.8250669386563813,0.2184647064810095
99,0.6321412257692431,0.23541526929348003
100,1.2346206999975686,0.1634517664130424
101,0.552619385773864,0.24700449183279669
102,1.0186146294123444,0.19002925359386705
103,1.689826154519878,0.15290085889370464
104,2.0694561679531227,0.11600551570893304
105,3.9944873833768044,0.06961982159196152
106,0.7310749386606227,0.21752583754244745
107,1.3690833485247489,0.1673356351367086
108,2.659688210846019,0.09914482643039535
109,1.6745943118819804,0.1489797247512563
110,1.4045549693772441,0.15431267420529796
111,0.7607969573366459,0.21006112479481834
112,0.39291756804910505,0.2604513126873494
113,0.7483432860254525,0.2147034098352649
114,1.8967006816987257,0.131960337387659
115,1.066293127864942,0.1742644104166457
116,0.9462864814941222,0.19608517983146953
117,1.1439345116249922,0.1901770267534357
118,1.9755436644904356,0.13947430126678922
119,2.619441669320309,0.09517523932765178
120,1.0338987127099826,0.19055812164885458
121,0.7842527412334475,0.20508928901776463
122,1.3920974216870963,0.16210367483376925
123,0.22166597158884166,0.3126038518238866
124,0.3546615223763679,0.27807785320577577
125,2.081902300430247,0.11276776666655956
126,1.3473386692346425,0.15006038160284918
127,1.4442458827595377,0.16017179904281217
128,2.7949433060072395,0.10679757581746893
129,1.7519640602035307,0.13860849459371735
130,1.7225207801976175,0.1357126405131658
131,2.052847999466776,0.127750426828125
132,1.1445713866922884,0.17476922935513506
133,0.6210932444609696,0.23062063801395974
134,0.3471514794379793,0.27498754977762235
135,1.5660189934655424,0.133250667932144
136,1.063937283429769,0.1852661057762712
137,0.49058991213003456,0.25194910480998445
138,2.5705035065063147,0.1055277103547643
139,0.3747278377698855,0.26139307839938236
140,4.397169125372535,0.06406815660750684
141,0.8852366783896168,0.20393389286914548
142,1.3685664611691957,0.16012385925456157
143,0.7365108976777721,0.2353196804894269
144,0.5803287198192584,0.2320925504929312
145,1.2015571286047515,0.18297150555670524
146,2.24990430379617,0.1170917085797578
147,0.9069530494743162,0.20115234255478368
148,1.6584718940604795,0.14468343389068625
149,3.591067827226423,0.08029065412859576
150,0.977172541952686,0.20064674328873153
151,0.16720346880924636,0.3043990512420466
152,0.49021043624579735,0.23461433498572545
153,1.9776656031404847,0.14068372741409654
154,5.209352163407265,0.06358508573706124
155,1.3944836679011154,0.15673231576766924
156,1.2647473732414503,0.18484038925932508
157,0.8001847926145279,0.2241993150052899
158,1.6010544254826646,0.1446782110245675
159,0.8056496072307954,0.21435246166117602
160,0.4397797062089472,0.2760500549719816
161,0.6529763340434097,0.23893946657514975
162,1.6104542691753727,0.1565661717312231
163,0.6519415660178672,0.23159255073981072
164,0.4498158561124567,0.25300720534785925
165,1.4803727033963274,0.15867137841419984
166,0.5455218447333583,0.22710189553040444
167,7.289020289129257,0.03306229718623341
168,0.7861941960503785,0.20643910857547476
169,0.6315666827115914,0.22818763161814523
170,1.772749214503171,0.12638638191788099
171,2.980902503588122,0.08240385084883158
172,0.43349548914148245,0.26017596509425506
173,1.9625728272031067,0.14280377649644563
174,0.6260185053486096,0.24092071612718394
175,0.2709974950832486,0.2851546969841107
176,2.309322091787184,0.11472267557026437
177,0.5136739188337619,0.23937009242833607
178,3.566504769413841,0.08309357410418802
179,0.7050864999235225,0.2110544891704058
180,0.6049776600441911,0.26655942535582
181,0.3150583405702163,0.28454009179034206
182,0.4468820474207117,0.24368105761887038
183,0.37780274873808944,0.2564742506173572
184,1.547191008880981,0.14248540547463637
185,0.6851216821212287,0.2232224674791864
186,1.4096995695326542,0.1585438459385671
187,1.741912643051689,0.13230601950980095
188,0.2493234708942953,0.2943202368671166
189,0.3509235123383311,0.28210373924651044
190,0.48823950994872445,0.26411863866790064
191,0.7720613501947671,0.2155092286864528
192,0.5273384948263222,0.23298906826551857
193,1.9039778845796544,0.12797931773552376
194,1.748624838912169,0.14742767020478015
195,0.5272242097359996,0.2398285001042145
196,3.193154706951787,0.08624689352707145
197,1.0080771042925631,0.18551537291288384
198,0.5892778805858961,0.2218261626681526
199,4.815764462126859,0.046434774204785347
200,0.3071578946226888,0.285154647638557
201,0.7010371529500043,0.23663769651024955
202,2.1476694465835013,0.09785824724450468
203,2.82830335696756,0.08715286375096881
204,1.6087464594181873,0.14297175654076882
205,1.4976572821019758,0.16391006982423748
206,2.556578100166637,0.10961924091125244
207,1.0110888408215675,0.18789960764507974
208,1.2337596225939529,0.16257005035393143
209,0.9852838739500025,0.18872091676061084
210,0.9944506836599086,0.1903060621730077
211,1.5297071108910458,0.15281317367717104
212,1.0772376960264072,0.18194359508001398
213,0.5448962329593895,0.23676143194053284
214,0.5615528678948762,0.25703319135042857
215,1.2568390481386813,0.16891293129233273
216,0.8421761681119944,0.20430202397494115
217,0.7113004821101454,0.21762215104578925
218,1.222289687874254,0.19217643227404613
219,2.401350842561579,0.11412246716125941
220,0.9254513918740044,0.20851014324472558
221,0.3639965732513616,0.2958640525316713
222,0.34261195908657,0.27711250546465865
223,0.18076897779845266,0.3212016449231782
224,0.6844632627404417,0.2252642013851179
225,2.0293243938055117,0.11855925598407684
226,1.459278092704594,0.1473273618467754
227,1.198397236032168,0.16726591335800317
228,1.328402311071533,0.17238124927124662
229,0.9735754647550111,0.1928514543531444
230,2.6450501807460967,0.11106477134943313
231,3.6298345163841303,0.07727694544551045
232,0.8537027740753333,0.215516368693298
233,0.6496056392594214,0.23729393911041458
234,1.2095064235129025,0.15824120173908063
235,1.5169427190171287,0.1477973137888613
236,3.0125492388692177,0.0831968410350233
237,1.9444676921040207,0.11971650350810717
238,0.948717060581235,0.19240449740790613
239,1.126999964989949,0.17819865037113428
240,0.724109963042872,0.2137926958390404
241,0.9650565576180465,0.19863815892392475
242,3.3500579536924744,0.08745549226766033
243,1.090981093430194,0.18244128425326264
244,0.8693351333796238,0.20230629064263003
245,0.6087036491077185,0.23486032723526812
246,0.7315059603401991,0.2258790032828629
247,0.8009667573745203,0.21118431024810205
248,0.5490487008989817,0.2517396447259543
249,2.1000175222786903,0.11065766900445562
250,0.9602125509687952,0.19409939793398093
251,2.213226269837794,0.11837268999267973
252,1.540324294450842,0.1472820907825123
253,0.6516274824261468,0.2130625974418418
254,1.2009444933529096,0.19716649460225089
255,1.2051847212032507,0.16687379859836612
256,1.730893191897631,0.14206170565422457
257,1.6065343258875495,0.15524341236989375
258,1.5565174923680645,0.12837531101742325
259,0.9932841679160008,0.17969212543254476
260,1.4340843441784041,0.16926193200456294
261,0.644755505651219,0.21616221452551554
262,0.7890653519079575,0.22831401593030068
263,0.38398854314002673,0.2881111152939164
264,1.9313913105696994,0.1326954831419468
265,4.181312014652332,0.06796300523606365
266,4.029473099000268,0.06978406941091943
267,0.8348257423480854,0.21549081802106426
268,1.660623833804109,0.14310685506465176
269,0.738089731573644,0.21044733852457131
270,0.4673892197515199,0.26037689736409414
271,3.3266289936811173,0.07932998237579637
272,0.6928727365985634,0.2200138821219807
273,0.29763408326393076,0.29326255312647787
274,0.9534889279483751,0.2002538639692187
275,0.7932292529671281,0.22387857102049272
276,0.49633945085334824,0.24161606829015206
277,1.0029690836622984,0.1995895744000835
278,0.6030113953764571,0.24829745932277986
279,0.7745230235821289,0.20389008921534182
280,0.539762894139737,0.2498639804332041
281,0.5143754278770457,0.24813755183119862
282,0.600159227642416,0.24761114640413326
283,1.1838044153821765,0.17794465392543876
284,6.623144645338333,0.04106464574707416
285,1.512285127351699,0.1630815946330299
286,0.7883279977853549,0.23019570918933788
287,1.164327801084288,0.17617070025831513
288,1.2500176623345656,0.18148843618841703
289,0.5726413423372059,0.24248193125202333
290,2.4038725559094014,0.1069575144083592
291,1.1552337202702108,0.1752819398766378
292,0.687080716182674,0.22818209969700762
293,0.9328683981778285,0.21604011954954355
294,1.2355131199467395,0.16490700722894366
295,0.53276467727412,0.2669656519356009
296,1.1204963529899612,0.18164030988839877
297,0.4220714031433771,0.26781689274709636
298,2.73340460915862,0.11414151151950652
299,1.4782080516929155,0.15362084208535043
300,0.7490806633480243,0.21736421510190473
301,1.1544310063268384,0.16011407202593916
302,5.518973384877585,0.028199155499899153
303,1.7673101885945206,0.13053022950579862
304,1.8505921973205763,0.13853033600239292
305,2.08131087200375,0.11924273632247574
306,0.4367059912664618,0.24891951748189975
307,0.3475518896826607,0.2704016823158544
308,0.665327828805379,0.2264835392242378
309,1.5686430179331161,0.1650078229488935
310,0.3670548318819753,0.2818967805145401
311,2.4496031261388214,0.10771134845115422
312,0.4462590149658018,0.27588799521636626
313,0.7839876686468994,0.2252697633850151
314,0.705150368558761,0.23216087530093896
315,1.2573164271379484,0.17538314580155298
316,0.7338139809226346,0.2131300958548077
317,0.6967680056407702,0.2234026988997641
318,0.3784834231072578,0.2782452782352961
319,0.419643753287935,0.2565645960427929
320,1.2898838258552476,0.1790563069851156
321,1.0393339859182427,0.2063915212918197
322,1.2438026485697333,0.17300759502428287
323,0.45418429386332754,0.24865045950257503
324,0.1956506185901133,0.3029888713870599
325,0.38566380742397466,0.2764465118542745
326,0.9700165629564562,0.209941713147673
327,0.9262933874480935,0.19139126039330884
328,2.434315843222023,0.10439124824028297
329,0.5263109741915463,0.24792965431575176
330,0.7792181823296959,0.20370079091261248
331,0.433892266525019,0.2595959773621989
332,0.853731953336529,0.22183335854954894
333,5.443367406770376,0.04689359746357345
334,3.451978333789379,0.08072230449050795
335,0.5843214060266627,0.2507029012046327
336,1.4618572352500503,0.14236658031361682
337,1.230279585306647,0.1919140796015557
338,1.938018920490496,0.10695651270559643
339,0.9636231917372181,0.19014367219427428
340,1.3390002525839775,0.17862626332030146
341,0.4512968461792913,0.26686397147752927
342,0.3058039114545552,0.2944053015366402
343,1.2274708575194497,0.17861753154862983
344,0.9303497554416307,0.22370156410478154
345,0.3255882350434475,0.2860270958630782
346,0.9936026312134996,0.20057958331706682
347,0.6313541468533809,0.22038465366163879
348,1.1775569838319058,0.17657653836070217
349,1.6008242361842593,0.132368155226013
350,0.7773136051491036,0.23303644343032293
351,6.387813652639792,0.034450216757950215
352,1.1251415317536693,0.1893038237795502
353,0.5955550734314783,0.22577170706608468
354,0.8973269703931924,0.20656179362221502
355,0.8279374449378244,0.22306694878783226
356,1.4214357210281485,0.1489516239707263
357,1.7324529427032838,0.14478244167621473
358,2.0430634709629096,0.12887354253551833
359,0.9960400156078211,0.1912244985274095
360,0.9054964623090119,0.2001258907285978
361,0.6056395077509064,0.23689121744925862
362,0.7693337702914205,0.2243464515435399
363,1.81381527807432,0.13693308799020337
364,1.6477062255620754,0.14459560272963795
365,1.6044357631237325,0.15373589583991576
366,0.7714781178072667,0.20755989979836348
367,1.8975828230102194,0.12050495839539228
368,0.6733907306282716,0.2555109832992453
369,0.27353225167494083,0.2947856907361064
370,0.7559292057376502,0.21327573516609902
371,2.9953181305114858,0.09844545339669322
372,1.8789561836804225,0.13481318175985632
373,1.0341345295907833,0.19868670685289003
374,1.3799210279783747,0.16462236578718364
375,1.4732563945973922,0.14167016192202384
376,0.5381498672534184,0.24848577057581894
377,0.5906822462563864,0.2250100905742454
378,1.7549168788602392,0.1267175465962188
379,1.0953250633400693,0.17957673033272092
380,0.4676333898195322,0.2573773470301008
381,0.6029868543052738,0.2327469136418226
382,1.0365370358454586,0.17260668532012696
383,0.36779309273188154,0.2802626167803719
384,1.1683568458162819,0.17910312484253826
385,2.194674540109543,0.11738161360729456
386,2.573054988491027,0.1123898329504551
387,0.4458847776218432,0.27032251358125503
388,0.7839228691713647,0.22209140134045752
389,3.0110945235719915,0.09978730333055218
390,0.3208078698785896,0.29657205236175516
391,1.7898220468440507,0.15014672090852618
392,0.3689135101208251,0.2773876299327929
393,1.056264627003663,0.18063287957208693
394,1.6286734550397042,0.14807334702849034
395,0.3118718940492877,0.277411752474794
396,0.8566092345817362,0.18885135270076572
397,0.5677219222569332,0.24676296022978528
398,1.3971966655374837,0.1638759774113289
399,1.4564082957731608,0.16213159068692948
400,0.26447206509950605,0.30131337868202746
401,2.9790533066670184,0.0868784946855571
402,0.7845110614519276,0.21386223591115874
403,1.4771366803213906,0.16292432370030965
404,1.2640983134231716,0.1827663749721214
405,0.4983628184513532,0.2520611461385599
406,1.8140682514444009,0.13189450930221175
407,1.6446997358385855,0.13489572463096122
408,0.3945860135889481,0.26618687716693523
409,2.1660432912554404,0.12045840467214072
410,5.062291603866669,0.056332075224612255
411,1.5775891623248504,0.15322322763009255
412,1.7866174202166267,0.13432888561529904
413,1.031664053863549,0.19429329700796483
414,0.861496711544486,0.21163483295598629
415,0.5640132159011971,0.24739084893896154
416,1.0639916441120787,0.17876682085287382
417,2.9993896783643725,0.07797002626298771
418,0.8618546813308063,0.21880173789045518
419,2.7958972595001184,0.10986127922056889
420,1.3653020130899187,0.15526956872169748
421,0.3959441167795811,0.2566912418362845
422,0.9774125247897044,0.20528180492430445
423,1.7496299679915903,0.13939995781804795
424,0.7434513470321876,0.21718617488452763
425,0.8369704995146995,0.21390693758462404
426,0.677707394935358,0.23070308285230798
427,1.2401113651771873,0.17752829820569135
428,0.8675182328123179,0.21213819775699314
429,0.6389453032197318,0.2391237226972443
430,0.5346062499878419,0.24088799814778805
431,0.4176401846397247,0.25051984932947596
432,0.5147759174723497,0.24591244947137214
433,0.6718626936867753,0.2276333867226089
434,0.8317210941513675,0.2193955382522789
435,0.837021291936652,0.21038708747313256
436,4.787963784732035,0.06519593760698203
437,0.8402846114636163,0.22463357859380004
438,0.4119529629866694,0.27056499329726236
439,1.7398643276831331,0.14827644070067494
440,1.548897895243801,0.1480719405814152
441,2.624680335905397,0.09993294915214429
442,0.6214027386796693,0.231460360704441
443,1.2613040289085473,0.16710302220213238
444,0.4700059425559261,0.25903694869725113
445,0.3659812810078568,0.2905091249083532
446,5.634626853591573,0.036611788917548765
447,2.3282460203665476,0.08740317721433423
448,4.985307463646165,0.046994181291627406
449,0.7546821867350071,0.21910776442658078
450,0.3839602824217583,0.2579650373502379
451,0.71122306040079,0.2219274545545736
452,1.4356707747307227,0.16290374527825163
453,1.5785591870530438,0.16280029963533665
454,0.5689746207744396,0.2557092643986271
455,0.31575343929141464,0.2866136683130904
456,1.1282818805873527,0.1719010770583638
457,2.2081438042657733,0.13093198181553342
458,0.7847141867758984,0.2116536087638693
459,1.1394026736054532,0.1685339249617261
460,0.6624044384785824,0.2199653046837904
461,1.1297947439548484,0.19157451225019476
462,2.5552900459620194,0.11588953110227646
463,0.6261556350131662,0.24133940495604955
464,0.9531743819884003,0.19176025650521694
465,0.5404936645274094,0.23908878072457063
466,1.6417277475551961,0.14820610866269307
467,1.4367644853099424,0.13966008637927987
468,1.307331739277856,0.1701690308652621
469,2.1354536454544046,0.13081596508065343
470,0.7405716515266997,0.2231971441170011
471,0.2462464711468447,0.29479074873166594
472,1.3895873887122765,0.16168275318806774
473,1.1285833707034292,0.17627173019746484
474,0.264511788653124,0.30769360997048956
475,0.5014522186185911,0.2673632236611411
476,0.9886856041429881,0.20090727665366295
477,1.1613834525037392,0.1871038958768792
478,0.9064361947500418,0.2111553230303225
479,5.372809121652818,0.039479324673481066
480,2.24551276913812,0.1063758032558345
481,0.5434510889333499,0.23556778289163127
482,2.9730531462340983,0.098676751604909
483,0.9547569691658137,0.1985966319248756
484,0.7512033214380882,0.21592360094056176
485,0.7576857068278415,0.2089173031544372
486,0.40670470349008686,0.27502495490275414
487,4.3273298903177055,0.07209467388663691
488,1.2978260456307968,0.1615803433251884
489,3.1697225081617226,0.07878892217246455
490,0.3566840414694308,0.27712763415487957
491,0.6005964775461313,0.2548745081942677
492,1.547853880061733,0.15262602147229426
493,0.5996809996614805,0.24214980052328391
494,0.5139338856844777,0.24302476105873122
495,1.4234434375546694,0.1315607336722156
496,1.8188841566354803,0.13586105079477268
497,1.9963213318887678,0.1444614355001566
498,1.1325592966831945,0.17085676047794246
499,0.8134342154643196,0.20550764354424148
500,1.2207096966574946,0.17065063468867928
501,1.2855360624861638,0.16572190345330076
502,1.1523002185271276,0.1718955447051311
503,2.5389538698550296,0.10112170646138208
504,0.504856947468626,0.24570132448882356
505,0.18031546670772472,0.2904901681802477
506,0.707447485392908,0.2205520567281476
507,1.8599369165230024,0.13464076020027657
508,0.5035237881561041,0.25155865060318067
509,0.8383358821372291,0.20164680743108307
510,0.5917038807359435,0.2344789620859788
511,2.2709517660793686,0.11527660336231323
512,2.9178534443059045,0.10417605843490203
513,0.7273199824508922,0.23457488380827113
514,4.010037575874421,0.0772563213491033
515,1.1249192996115938,0.18887736298134844
516,0.8489460936272943,0.22436294362852183
517,0.6884908547958659,0.22758351750322203
518,0.4802604624605601,0.26328430954077037
519,0.5791336182797342,0.247880238518663
520,2.718565711953295,0.09295392629243741
521,0.26742517776633606,0.2710733528203082
522,0.4678153447125129,0.26324230251730985
523,0.536968994026783,0.24781265805953642
524,0.7582271135413188,0.20838779998808135
525,0.5579542697872941,0.25510282369213794
526,0.7109092800615534,0.22618563648176537
527,1.2309717526817363,0.17677784032574928
528,0.4188124122766972,0.2515541749608402
529,0.5985637065780737,0.24413440649411455
530,3.366583719288429,0.07330379561947671
531,1.6319094690561575,0.1469132845098306
532,1.2574352243334732,0.15556909695716156
533,0.6541241491681877,0.23934169661274904
534,0.5023567174434735,0.266883176111108
535,1.771101268774286,0.12283963169386743
536,1.984789147216474,0.14433182648601367
537,0.7626750285178209,0.20986254898838674
538,0.9497900944116126,0.1969491992379288
539,1.1358745005367774,0.18733807014519596
540,0.6802285448844141,0.23615603201871743
541,0.8093092597029149,0.2223032870922298
542,3.4484126132701074,0.08270781352841343
543,0.740421431470445,0.21852693129667275
544,0.5802019381964802,0.23424349931203603
545,1.5657694211793343,0.14347763257094712
546,0.7269418549954715,0.22209578045703518
547,0.9378920318314269,0.1838416418104941
548,0.8548661428375269,0.21513085551564537
549,1.1824597001492347,0.18737267034187371
550,0.7992550677196828,0.22824262543795745
551,1.1443641427961326,0.19063973504288848
552,0.9497516033980343,0.18926096760821665
553,2.184998020565897,0.1257596648359799
554,0.17345298750251897,0.31707043233145527
555,1.275069937917399,0.17616578547616107
556,5.846459426196571,0.054150422946464605
557,1.1925846506853766,0.17325248393196552
558,2.062591423535278,0.12782902461522033
559,0.2938306766608219,0.28695104479278166
560,1.3645793364789687,0.17096220912067453
561,2.1698355890211642,0.12094883036567547
562,1.1362723793238765,0.19859766834070725
563,0.9353158247943252,0.1938568728569645
564,2.2114978633184754,0.12068125816595875
565,1.3617518562203874,0.167369354069996
566,0.6120346528679065,0.24030578824876686
567,1.49117400874107,0.15561781748698392
568,1.2718118288566782,0.170193347793277
569,1.2907658989586748,0.17678455610135552
570,1.007623000301488,0.1912658270783309
571,2.0236640812642923,0.12500300113751772
572,1.5926025966949315,0.14574723708680626
573,1.5489072526196712,0.14599831034711258
574,0.3410119403179195,0.2947718256069501
575,1.1825026597942667,0.18958413854864795
576,0.7703903108991241,0.22479036311286862
577,0.8144882385732393,0.21404369955819336
578,1.3676302657652777,0.16842578699689725
579,0.27833200402332936,0.2850872502544271
580,2.1737718969708837,0.12569897750662853
581,0.7683349951749153,0.20385278274033383
582,4.975666947607433,0.053509641350923676
583,0.4605658189532902,0.27979478414108694
584,0.9573256495816367,0.20353176267692083
585,0.9128607470735971,0.19839289358552703
586,1.0428909728173823,0.1920588396708904
587,0.5737616490599292,0.2567337766341595
588,0.993173729915762,0.1809241722441752
589,1.5759535635491768,0.14494383908463554
590,4.027913442520616,0.09333130676666791
591,0.47233874181113994,0.2583767341938565
592,0.8871253344701154,0.20994857924263796
593,1.7083060697588808,0.15381567231566678
594,3.371816662787625,0.11124792487720764
595,1.0821197036035357,0.1991125349188025
596,4.101665499924958,0.0682699393854206
597,3.296309881774253,0.07702835848519117
598,0.6531546586793793,0.222382338275597
599,1.9838045496743077,0.11487743414796238
600,3.0222514800722897,0.08655135950785049
601,0.6248681534309966,0.2250767273582104
602,0.969621866252505,0.19577580931957844
603,2.0893719064971172,0.12672386854950413
604,0.32092936930301785,0.2963232001898863
605,1.0045030672785402,0.19603198732278718
606,1.5352524716454066,0.15893328184253624
607,0.772985893002076,0.21942902038659012
608,0.8124878978769611,0.21202416866157214
609,1.0705013035600837,0.18029391254804678
610,0.5123708886184618,0.2329412280867325
611,0.5345159595824501,0.23756466877747742
612,0.3864465029868161,0.282353770137877
613,0.34471870948069616,0.26490515442692386
614,0.5673838635556816,0.24515583857249867
615,0.967433504632935,0.20036532796164555
616,1.186757258092247,0.1719439121176565
617,1.1525070931464894,0.18215422393199093
618,0.6032677609429271,0.23910908442493253
619,0.6339082111423389,0.23954373967553583
620,0.5717721853850821,0.2558443533566086
621,0.3853950786361625,0.2587815734506734
622,1.198801466006175,0.1815553609189795
623,1.4287878094419166,0.151017282440701
624,0.7694344968885062,0.2246570136144644
625,0.5407966606058535,0.25319116835636624
626,2.435853863706704,0.11024677198511369
627,1.0631619090158035,0.15990077433445718
628,0.9301165487601973,0.21022897602062793
629,1.3874711820728878,0.16467977450476634
630,0.2605795659929168,0.32055681151529136
631,1.1281056533051297,0.18711740365766089
632,0.9129367309428772,0.1935399043409885
633,0.34337750067111483,0.2845091063953362
634,0.44255144743608676,0.2584054350235015
635,0.9777565774169854,0.19448310764138554
636,1.388172305201732,0.1636453319956432
637,0.6965922770972794,0.20944791115035544
638,0.6044827421598331,0.23541772408987627
639,2.523421115151456,0.0911570908380786
640,1.5079844718439956,0.15891175782049868
641,1.6227071336273446,0.1550944583086339
642,1.9446646122606188,0.12250432354514192
643,0.14004192283871988,0.32416068560302813
644,0.9213426366098829,0.18497680271415792
645,0.7130100598059144,0.22339524926719073
646,1.4625346556548202,0.15640071884194032
647,1.5267875512786317,0.1453501490457607
648,4.339256632142965,0.05547682665405438
649,0.7868476031188234,0.22115472789064095
650,1.2127728737438346,0.15447018247332228
651,0.7663371717166947,0.2161035132941878
652,1.278262771246294,0.17309891525848023
653,2.1130479943390896,0.11608504864839626
654,0.5358821391242831,0.25707211330893937
655,1.0057672377674098,0.1986325873462021
656,0.8308668308494709,0.21503846079129554
657,3.0164799035659904,0.08383339334415298
658,1.4959833857831253,0.1488808379812071
659,2.0405101525383165,0.12304682346435557
660,0.6816629643237723,0.21829468995765727
661,1.3193454694242552,0.15050788117996483
662,1.8629853456996763,0.1421646242834955
663,0.6863817877715231,0.23456557836245562
664,0.8196751843294855,0.22503049635325753
665,0.7393293990938845,0.20828820997266795
666,1.0248097118141366,0.18565842164627686
667,0.2045424123538957,0.30109466811104074
668,0.5590522688990979,0.24812550220416027
669,0.537909677795335,0.2385313002714702
670,0.1366669543617029,0.30644546497665204
671,0.6517869705248963,0.2404686946015076
672,4.044588023576122,0.07600597927793437
673,1.321145230125506,0.1661325773338562
674,2.357331684235499,0.1120661414441645
675,0.5491211568529888,0.2584493765114941
676,0.623623477600071,0.2418215214530052
677,0.772456068850573,0.23017889917950643
678,2.9256389376322645,0.10366284476919685
679,1.161874349960416,0.17612127038564906
680,1.7549846479535405,0.1410959706543571
681,0.4739328501478256,0.2396997587214818
682,0.8371765773257136,0.22912295611438965
683,2.3554851995158197,0.112715650864618
684,0.9425125641495264,0.1958122239431768
685,1.9789136265187435,0.11311293478418952
686,2.9513235870541954,0.08677807160463201
687,2.8918276553979654,0.08598200258720498
688,1.1540686514848129,0.1882012046602006
689,1.149520664660262,0.18363838179987962
690,1.8432860589590632,0.11832671668988666
691,1.3047829928517818,0.164168415445865
692,0.39855128892670005,0.26581863097282643
693,0.1851675807858916,0.30851558695075326
694,0.8725615355408237,0.2047701839539544
695,1.2256717783137596,0.1663187873281967
696,0.204851404962717,0.2982476557516232
697,0.5263070291446414,0.2459686307918215
698,1.5952166686643077,0.14686277565711567
699,0.9097895795280044,0.20073236618251894
700,0.7254533385826061,0.21529579562394008
701,0.9995056461538653,0.20844176462774394
702,0.9666909864107855,0.18497534272880214
703,0.2405349558764866,0.299185410208913
704,0.6376698651913952,0.23927434000659617
705,0.6418046025571956,0.23398006575011784
706,0.6366506715456267,0.2316185730765859
707,0.34604478993410165,0.28161025922054783
708,6.278106056469636,0.023696194013295892
709,0.22814709052431625,0.305927632022963
710,2.2823984677940676,0.10467039818913967
711,1.1469617903066573,0.18232395789333697
712,0.982167633436566,0.22193713912072094
713,0.8649998900066779,0.21911837997617123
714,0.2653683587577261,0.2995331000078203
715,0.7539490095216278,0.2237126470472101
716,0.9523553109806405,0.1875730587984175
717,0.7107978017505064,0.22736433303546558
718,0.5227035448463098,0.2520321503441822
719,0.6319437614489753,0.22101228452755495
720,0.24119409917942294,0.291506495352195
721,0.8492809578173772,0.21842015103121062
722,0.9162123966129645,0.18202423020030548
723,1.119839953107743,0.18886965081711826
724,0.6812486467141338,0.2179126310684965
725,2.9807642167116595,0.07746677770712196
726,0.6135109920910712,0.24889158666097633
727,1.0519996001374299,0.18180489937760794
728,0.3403784037647966,0.28353230572742
729,0.8447434469355052,0.22542016911238627
730,0.4590565581360106,0.24991849758998613
731,0.4982176595655548,0.272499855423846
732,1.6732406489883989,0.15185113375308176
733,1.3782532355426302,0.163360633438923
734,2.18211764087463,0.11328040925671855
735,0.3591578399643917,0.26718983902241583
736,0.776509231679372,0.20765635250231962
737,1.0759295954177688,0.19371530642022133
738,1.437678105544818,0.15438127041651858
739,0.5397723971111109,0.244726195180289
740,0.6872335864928396,0.2225321944653852
741,1.1499840217054889,0.17655672028691838
742,4.047255166587159,0.05776824016827352
743,1.008421758392581,0.17750879451667734
744,0.6555943228923455,0.2103352725513659
745,0.45961971913349015,0.28738713766403884
746,0.4345880849119383,0.2714418509845643
747,2.739383708658483,0.10354515459223743
748,1.2949410619722639,0.15654215675142918
749,0.861327219630361,0.1880331772238472
750,0.9059477049990868,0.20203300343326175
751,3.413150946663829,0.08230708339176708
752,1.417281328823536,0.15500212689737586
753,0.45766259738800574,0.24321855292821581
754,0.6597985057705058,0.22320362883100842
755,1.5012216093723416,0.15384459566744627
756,2.616064650313758,0.08765293513381071
757,0.759690924316433,0.2132613455708062
758,3.0515233192353524,0.08957224774487614
759,3.5935515219261553,0.09379061312447641
760,0.419662592079774,0.2646789212761856
761,2.860979880269403,0.107359014728472
762,0.2300780885370581,0.30435557030164256
763,2.149072510570657,0.11756756665212403
764,0.6355133014060466,0.21748086910407965
765,1.270664252760429,0.16901180559927612
766,0.8495840292882779,0.2054477321564036
767,0.795967508740893,0.2143322965545425
768,0.6698000816274535,0.23224117335267558
769,1.8612562172929368,0.14599157886248457
770,1.0733253374052136,0.20435821148698713
771,2.8512143859216774,0.11212723011342435
772,0.45919799854617305,0.27098078526564107
773,1.0306971463663845,0.19813649033343936
774,1.663141413792815,0.15644329204422897
775,0.16834151473813452,0.29900352642717065
776,0.5416831378841472,0.2454694902820505
777,0.6586768741146101,0.23789713074479393
778,1.8560781093916405,0.12801419542507889
779,0.2662343947562983,0.28932991475762054
780,1.043435231832493,0.1940562115079019
781,0.5431801603736142,0.2605416969034876
782,0.7811580462833749,0.21654214146779505
783,3.3981813285361326,0.08637717729215057
784,3.5761931886598552,0.07796280372346398
785,1.506332900155877,0.15683374114107307
786,1.385507416813812,0.16236322889115468
787,0.8979469710679788,0.1995671111451006
788,0.4647340343802799,0.25352624766194554
789,0.21692468229054,0.3141786084327792
790,1.940514889330683,0.13011375181991386
791,2.0720055242595072,0.12813492297134738
792,1.5179681706691543,0.15331688911880856
793,1.1818109266352521,0.18359737114882557
794,0.5087229603105597,0.25337315294221147
795,0.48509420130914105,0.2541365093810054
796,0.8549917209403858,0.20695927560439578
797,1.0209550033623704,0.19350047464923273
798,0.5900145080087335,0.24960147087146747
799,1.3075602279267062,0.17318216502263026
800,2.8337251371823626,0.10826227576406558
801,1.5479253832609645,0.1523524350917922
802,0.7356805136374955,0.21439364898899746
803,0.6643621916438256,0.2327158157980028
804,0.8375069445376109,0.21509002769022248
805,3.2556085746468337,0.06993917129134355
806,1.337902988574422,0.1574823344597578
807,1.3670925780914684,0.17112665688419196
808,1.9221290622610474,0.13730697283859727
809,1.4393999848415855,0.15889516735440842
810,1.6050074448367637,0.14066938769251633
811,0.7821178263864511,0.20923315150207228
812,10.473870383234315,0.017607820711663724
813,0.34300313997944026,0.28614479635353335
814,1.8657463556930824,0.14464731994698793
815,0.8800621816562799,0.1999023772893494
816,1.1339486146416302,0.19473879169053465
817,0.3058340366754731,0.30222173060390145
818,1.5558289612841092,0.1476743946456812
819,1.0771003358997038,0.20900586517663708
820,1.3787464593331742,0.1558520203929546
821,1.4148849772742798,0.1604045689771246
822,0.9197939946669077,0.21408321466793065
823,1.6337127093459276,0.146575904015948
824,0.9506182199194367,0.1918230428539003
825,0.20829021486078503,0.31720923313449545
826,0.840229023413685,0.20891424870837375
827,1.201810510427123,0.17689433554848635
828,1.1828453406200585,0.1761309670336582
829,2.7087873241408857,0.08949492573942636
830,1.3832309596417633,0.16622176542078587
831,0.6692261874462918,0.22194064731749247
832,1.0586226795075706,0.16626755376567995
833,1.7974855627184683,0.14220422753330558
834,0.14645775906750372,0.3206251565874301
835,2.2695056596193006,0.11243930362224988
836,1.4609687159321978,0.1487420188057915
837,0.4045921551745474,0.27528962449097705
838,2.0702515244794233,0.12093860611493826
839,0.4740078143851249,0.2553111764164788
840,0.41834214317571844,0.2597215289913123
841,0.23417290784905165,0.29720761005639124
842,0.9380877642497116,0.20975353610420708
843,1.4673289059183519,0.17117760278189517
844,8.711149315305441,0.03912955150835595
845,0.8977099846881504,0.20025009106685795
846,0.6303300150265824,0.23983063844269575
847,0.3208102490297897,0.2668495351556397
848,1.1578702539801768,0.1813016895444165
849,2.271609794655284,0.11034705004908442
850,0.7020100944840931,0.24482739734911313
851,0.6927726418547199,0.22316430866591053
852,1.9056002512122971,0.13371508970327065
853,0.5868562785727005,0.247673685227303
854,1.440940856585788,0.16494353976547346
855,0.8409614295535182,0.21369940101082258
856,1.4904421208607352,0.15621877434319287
857,1.229558658108968,0.16132385877793715
858,0.2713192008179233,0.2943944965438412
859,1.1679134487718916,0.19111774450610317
860,1.9212864987657599,0.1484104705824843
861,0.665332358808435,0.2316103160278907
862,1.7132898720412124,0.14070290604138527
863,0.26166875329523653,0.3014887285350416
864,0.6575977057268599,0.23737122525437027
865,1.6278164405217777,0.15004118888373744
866,1.6820161878345326,0.1426077294767883
867,0.7622759564065639,0.21718617486623146
868,1.4271635108955372,0.14785914396139585
869,0.9912730136484877,0.17584569892281657
870,1.1386790972851895,0.18310874636681793
871,0.9431514493642499,0.19924647799970438
872,0.8505402374002011,0.21475680886428647
873,2.2129591949001393,0.11032202601930277
874,0.6783939457619914,0.2310662399080274
875,2.286583158353246,0.10532785656503107
876,0.6790366662451529,0.2277480384220196
877,0.3159231092054136,0.2896905590675702
878,0.3966995590562904,0.2742562986093852
879,0.48254700332907285,0.25692905984836506
880,0.5228444178495282,0.26098962785968294
881,1.2691974928110297,0.16608980766629394
882,0.43846920978811676,0.271461297853757
883,0.4901086584429067,0.25637904060083766
884,0.21409768015419142,0.2980380612863954
885,1.5221244752366496,0.14975034365549064
886,0.6774776518703159,0.2208654607194421
887,1.3081347777829486,0.15269859422649662
888,0.36841324160191297,0.27291237347399505
889,1.3188354302712408,0.15968662623638394
890,1.4656876589524328,0.15155732155012877
891,0.6624178954059744,0.2348849604771081
892,0.4528241016449073,0.2662063138341547
893,0.6061561321130458,0.24012600197862327
894,1.6795826619397325,0.1469622480730954
895,0.5061230377557325,0.2458210993221144
896,1.1216991716716453,0.18358097097309461
897,1.2577637508224924,0.17621160698271485
898,0.8891442153278076,0.2043376714557949
899,0.6980909188255291,0.2405274414764938
900,0.6874944204192875,0.20695994590819144
901,0.29400499585865075,0.2900413609543605
902,0.3916213526323912,0.27021223125515637
903,1.4604949327202825,0.1473308143653927
904,1.035416755781748,0.19875021317607863
905,0.8394349879177215,0.20102733770675835
906,0.5812211617311012,0.23918050656783657
907,0.6371681589694405,0.23685876485289348
908,0.13382168609324707,0.30923049289191756
909,0.5211474409862539,0.2563568689017435
910,1.5404957948041957,0.13629787875230945
911,1.228712068344994,0.16326570850201014
912,0.4794870207680957,0.25647329254615353
913,0.5580563193267191,0.2505343927890743
914,0.9341176096509395,0.20653976814510347
915,1.3803355699219542,0.14783897110747643
916,0.39638967989612256,0.2659577548305712
917,0.9624473795755338,0.20064652115249093
918,4.141501542846692,0.07155708582460708
919,1.3492367120387083,0.15682771131637233
920,0.7171412060985181,0.23889267882298254
921,1.4218518098204131,0.15366305546710293
922,0.4639951659737688,0.26072575548146415
923,1.0485959827039024,0.18814304345332472
924,1.3733008957036628,0.1408310733776229
925,0.6673218037665168,0.2427505705738315
926,0.7308181310501175,0.218276838485684
927,0.8950840844833299,0.1881550325227065
928,0.6062106115137395,0.21895414357319934
929,0.7994367014930034,0.1904028875234275
930,1.4914470825909878,0.15499191767995532
931,0.6008354019291763,0.22682558554072382
932,0.9896227387499471,0.19587681414655442
933,3.1072167114843867,0.08763277158515455
934,1.6821315085580884,0.14508147057432777
935,1.270486327490558,0.1718535063908117
936,1.3047323373234407,0.16570663709077063
937,0.4347004664396508,0.2577962733014118
938,2.649644485685599,0.09092309316613471
939,1.667368024152326,0.14364849456391646
940,0.5168384313305363,0.2468077741308498
941,1.0576276629342845,0.18232103766187271
942,2.1690207518664204,0.11825622362102316
943,3.550050548337256,0.08029435577094676
944,0.7454508325719189,0.21077575520308414
945,0.5158574066860787,0.22423944044555505
946,0.3964449782472155,0.27581852478287777
947,0.304777874445066,0.2808237626955651
948,0.8858137683222157,0.2160558282089109
949,0.8638467316931969,0.21837855860145677
950,0.5547810384472991,0.2374107362075673
951,0.48788249419218105,0.25533203448739766
952,1.2552851078384188,0.17366542302802385
953,1.52252217422093,0.15997031830958355
954,0.3414144943957609,0.2828391618736368
955,0.35672696031601736,0.2820024377299683
956,2.962477534133294,0.09570701695854193
957,0.5923967511498388,0.2641570790575785
958,0.910729554292583,0.20217027818061034
959,3.2447899093881305,0.0878703229024333
960,0.6873131498364964,0.23367662569372488
961,1.8412274893163925,0.13088134595578038
962,0.7632170354987241,0.22173138936366557
963,0.39922630715549595,0.26048968236419523
964,2.26510039096982,0.11295964828397499
965,0.4607008202196102,0.2582491877378672
966,1.6736815250777506,0.14047611743745683
967,1.8124728785026893,0.13934872631189746
968,1.4639947783393519,0.15342012767323357
969,0.34193751148219936,0.264970442441013
970,0.47397938332905204,0.24933860003400446
971,0.7152110865894172,0.21725921871668447
972,1.5304597849208017,0.152017892458605
973,0.5209860540609377,0.25619310997738504
974,1.465543931388983,0.14395404982182614
975,0.9510207570585603,0.1956172003897606
976,0.45209117785174363,0.26053526115866754
977,0.7994967105529929,0.21961121832714103
978,1.9245007713407132,0.13488109799008902
979,1.3259772807603916,0.1449027452648871
980,0.915335346819612,0.19536906283821573
981,0.6501543028550529,0.23142641721444113
982,0.7992646344117085,0.21124062883823816
983,3.0663098577373864,0.08163530847743454
984,0.439185910181863,0.2638393433532518
985,0.3296322464574841,0.2927267320795822
986,1.5713697089051717,0.1641027234365283
987,0.6876111696191396,0.2185536385374396
988,0.8729073116655168,0.2123873468934583
989,0.4285536447696625,0.27679992717056373
990,0.4107936155223666,0.26016566565957505
991,1.0402099075456517,0.20612324920098055
992,0.7908541703070234,0.2167097354320588
993,2.1210930502683216,0.12505570622379725
994,0.7600496591623652,0.20523764693428553
995,0.8263636367520868,0.21762093352392659
996,0.46696242762376644,0.2649675407831544
997,1.2546651368801562,0.15610343361699813
998,0.5166295780066545,0.24804771781586288
999,1.8739542924633747,0.1230833015961798
