,feature_1,feature_2,feature_3,feature_4,feature_5
0,54.96714153011233,127.98710873172004,64.87232587538428,,41.36506395035066
1,48.61735698828815,118.49267365825537,72.83221993926723,20.69807494610249,49.68796511060916
2,56.47688538100692,101.19260739840348,63.11370118500058,22.931972332891778,50.18016872044446
3,65.23029856408026,87.06126444588853,70.38057705541439,34.43843828670095,54.72630345843406
4,47.658466252766644,,46.59577999569321,27.78276562266879,36.331416367191736
5,47.6586304305082,107.86970770843499,78.19940561059408,,55.92567273847331
6,65.79212815507391,117.90386440055465,75.01808213043337,27.430181447088184,22.95608368397225
7,57.67434729152909,112.70343603363939,62.74367053397714,,43.70115447636189
8,45.30525614065048,120.9910543063867,84.88868502648607,30.413455269435367,45.117261575484555
9,55.42560043585965,89.29529576878863,89.06355206439838,22.64437674091061,56.33326826071239
10,45.365823071875376,,50.88660203446538,24.531819056304144,50.22630852676869
11,45.34270246429743,103.95199209384799,63.55912832150679,31.62898323771095,35.944369461437134
12,52.41962271566034,141.5052174525053,63.46286475319053,,40.15006874182985
13,30.86719755342202,86.21624363820864,60.90145348336703,,51.98680009547407
14,,134.719276063305,87.44212262897622,22.082003368269977,49.20932658135444
15,44.37712470759027,103.95821566925295,72.09260791840795,30.191894255096585,44.20875890364253
16,,86.97163992771104,71.03227738034084,,45.19166210488021
17,53.142473325952736,,44.9420645338987,,56.961679971592886
18,40.91975924478789,93.5930538361136,84.53127045313839,22.744205707955008,44.82307427130785
19,35.87696298664709,,56.41112407719791,27.7587039995546,49.119087559709264
20,64.65648768921554,110.45670976071,75.89898945399493,31.001308748694147,71.69936588080543
21,47.74223699513465,88.52599992122842,79.16065406937288,22.684193189573005,35.76317363116077
22,50.67528204687924,99.51290815478035,95.40987893757976,22.942866964419988,31.481572684253415
23,35.75251813786544,,55.367694013213324,30.769503671278734,57.83589664798607
24,44.556172754748175,,29.707317662687622,,43.21356938705897
25,51.10922589709866,108.72647339348065,77.75774317130542,23.057396124084953,46.8176247225738
26,38.490064225776976,100.760069563364,102.0076677226628,25.95211944962529,42.18843621868886
27,53.75698018345672,102.40062653436523,93.58419529409156,27.24609360642517,47.40199859232487
28,43.99361310081195,112.27035945460833,78.14489122911938,22.450966534045588,65.98538112096341
29,47.083062502067236,79.5441486960319,67.62545721551929,25.172205058529208,58.021284586181196
30,43.98293387770603,94.8524692515331,87.10683894955966,,58.62223511886977
31,68.52278184508938,66.62831852244821,60.39680700443297,21.70875793833076,35.837729442073545
32,49.86502775262066,107.98446245210559,82.14536654034329,27.26754356277234,38.488462634471304
33,39.422890710440996,112.94391879405482,82.5820523874994,20.088529828726603,21.60921340514573
34,58.225449121031886,90.33627075401252,90.90314861248319,25.294921107947985,41.90619178917246
35,37.791563500289776,131.47973526580066,116.39490058366616,27.23436250401349,59.567031863856585
36,52.08863595004755,75.48468673995318,80.88623950768151,23.287253995711175,55.16946515748371
37,30.403298761202244,70.7125023958036,67.36554561438751,25.852318854982855,47.784867370478764
38,36.71813951101569,104.48903637119945,74.61638531712008,20.186337173576938,49.77699716281947
39,,,48.46386142666323,23.966943601519766,43.11114457424594
40,57.38466579995411,133.67855382915738,64.57930303366413,28.051080847946114,52.04758882401784
41,51.7136828118997,90.8223147426212,68.86076342830344,25.784864804842172,57.65878279480615
42,48.843517176117594,121.57361666862592,67.13867403098111,22.067343652180323,33.84113212589527
43,46.98896304410711,99.22983060998585,77.28532308050583,26.121082021453965,52.99647687837348
44,35.214780096325725,96.54745400118361,62.66370101426699,28.57304895318309,59.32434870954667
45,42.801557916052914,117.67319874973344,91.81546000986707,,45.848997110366305
46,,113.0464575682684,75.00310597377296,30.79537032477949,57.00700612120583
47,60.57122226218915,68.47215686031501,74.86049518292079,23.31872630659464,78.14654444472552
48,53.43618289568462,129.53080699451792,70.08157925230623,27.12744966620115,48.95657207013108
49,32.36959844637266,127.60182708294903,77.32786025788468,30.98623461822614,53.93307050005323
50,53.24083969394795,87.48874596980941,87.37647397001452,,42.61942916338609
51,46.149177195836835,107.91607066874818,61.9930467643365,21.452794987862266,51.8125116260205
52,43.23077999694041,109.88060372565478,65.12825266387115,23.557256520621475,54.60271624982304
53,56.11676288840868,105.21347531647814,70.44410956835003,21.081232394377857,51.94842340270138
54,60.30999522495951,,54.811936147901775,33.67468287918404,39.80304680291143
55,59.31280119116199,86.56753264123897,62.71113210417754,20.716139530866037,52.06361771325451
56,41.607824767773614,99.48891858017109,67.85668689683011,22.222266102565666,64.62195938717636
57,46.907876241487855,123.45458038518728,88.11583771069091,26.021945158014884,54.486357645145276
58,53.31263431403564,110.87200309188864,78.93841993502888,,59.619871890718414
59,59.75545127122359,92.58771335827788,77.90384867051317,23.02159644121868,47.629880299873726
60,45.2082576215471,115.43397421296689,87.76346943251959,26.587266306250875,57.4990023942371
61,48.14341023336183,43.02914758739849,72.93942317400905,23.335697978087445,52.792678382165256
62,38.93665025993972,122.97531400744207,80.85697274893334,24.53306570550026,40.49089270312768
63,38.037933759193294,65.20572442443802,73.45167370601256,22.353339437758144,53.18521004798875
64,58.125258223941984,92.75118117193736,78.98043524099442,,40.0830333655969
65,63.56240028570823,77.60660210747713,66.25862013582626,26.607966056696192,43.67119725115208
66,49.27989878419666,,38.41774262585356,33.774665358236206,51.893283072923744
67,60.03532897892024,123.21653574757039,72.98581256720544,25.09200815391719,52.97244273380124
68,53.61636025047634,90.64597597376218,96.3412220414991,26.126320586237746,38.10767534922871
69,43.54880245394876,106.93007763461432,88.89323103362389,28.463613775584296,60.53985771182876
70,53.61395605508414,99.06158842241632,89.48096226886756,,55.72006278300473
71,65.38036566465969,109.54081654446243,93.54196082709326,33.51257329064803,42.95271564389116
72,49.64173960890049,101.53643782120511,76.32986386442155,26.01164398211401,34.624152035508246
73,65.64643655814007,74.3401555162286,77.95973561108393,33.15928449544555,48.55095420918569
74,,119.9253363889428,65.73522156848475,21.334835022380055,45.540562861388395
75,58.21902504375224,90.12486833677374,70.25890715959426,34.09030961278913,51.13140457053023
76,50.870470682381715,68.86836202680499,84.23656724656712,28.875777470173915,46.36883338844434
77,47.009926495341325,91.43769678068175,93.05826655753225,27.765200429261792,29.925431392549903
78,50.91760776535502,130.01519581268622,72.908305864785,26.17012227176574,46.11653061698841
79,30.124310853991073,117.00443484226986,68.24716102722883,23.757356909627752,46.94380888931687
80,47.80328112162488,93.02695731184282,75.00791938284895,31.00265829236936,56.33661024774059
81,53.57112571511746,93.01484591363142,84.01810123393672,25.701799349240236,43.0180032538895
82,64.77894044741517,,53.34217775799687,,66.78674673372566
83,44.81729781726352,,40.55728570294143,,30.88359449348243
84,41.91506397106812,107.63870904463107,66.74194725762625,24.070771239036265,63.111674978026244
85,44.982429564154636,,56.689313611287616,26.549994915827774,47.756810291218954
86,59.15402117702074,120.60566908063684,67.37789703529033,24.71705755550052,58.595848723435566
87,53.287511096596845,104.77578318053027,72.78329521773793,31.094853948968314,50.79801484058733
88,44.70239796232961,94.81915708358594,68.2012738646548,,61.39555536025469
89,55.13267433113356,96.07300301830044,96.78701301706118,25.717939682525802,46.12638035447189
90,50.9707754934804,98.56797481171873,79.90117146903481,,39.01379574822188
91,59.68644990532889,99.25555526980317,79.50711539416243,28.79856147742084,64.20504287271064
92,42.979469061226474,114.5525908727396,84.33310716065102,24.527706427789987,48.86519354117859
93,46.723378534022316,,57.917503233288464,27.09804986012059,52.21558473624211
94,46.078918468678424,114.65280154431159,90.58667681130403,20.68058519705117,62.34751914044795
95,35.364850518678814,98.38566839782835,73.8635357019681,31.397324658288756,39.68044757905565
96,52.96120277064576,101.57270380632181,85.05720925861819,30.208623320294258,55.95490897639257
97,52.610552721798896,,58.92214150439767,27.917721515059437,44.10105243537109
98,50.05113456642461,,51.693618509759034,24.352413765682797,48.67830644355628
99,47.65412866624853,106.92976951795985,87.26834487037543,27.899286426475662,50.72278965384289
100,35.84629257949586,119.96020219719304,80.64614289146274,21.465537160063256,34.997781385530644
101,45.79354677234641,42.07489243612621,61.46922668463735,29.27777829510356,42.211629571795655
102,46.572854834732304,141.76749409561455,61.95505378087958,33.2474044716196,63.51072892413139
103,41.97722730778381,97.20820743689653,91.88152176622154,30.35305279989593,58.86191188584796
104,48.387142883339905,,57.15882160699008,21.351987650962954,49.37360422672765
105,,79.20188145748938,99.64009429883944,26.807086586365514,52.431234585128934
106,68.8618590121053,112.2554781012514,61.49068898028197,,47.05757494363542
107,,78.93168873652688,84.57587888412574,27.861951555878377,63.56583385827982
108,52.57550390722764,87.5246207860839,70.07072286376523,27.253017064312694,47.99647422205836
109,49.25554084233833,138.28062707733574,84.04781146623515,,52.31842092134848
110,30.812287847009586,96.18635198473307,66.83828996828711,,61.460301441420654
111,49.73486124550783,104.34865746359446,72.55810640891559,23.584305516281166,42.226285151540935
112,50.60230209941027,117.40135461377508,75.61378763093582,23.495701264295867,65.58789184496894
113,74.63242112485287,,59.96718816327791,,34.69538590256623
114,48.076390352188774,103.00837810287153,86.11236518130188,26.944893646760917,66.29642131112799
115,53.015473423336125,107.2992200493245,67.30179650292622,26.25736804470256,46.27324416048025
116,49.65288230294757,148.0683117047655,71.57100126989972,24.028654340107405,47.57301252174718
117,38.31321962380468,98.8476240593283,60.08475938087231,21.221042499208185,31.09989828817057
118,61.42822814515021,,36.56499511807034,30.243535632082818,45.452052826223074
119,57.519330326867745,121.01308792015224,72.13458356099747,33.27703556544148,39.60193468973116
120,57.910319470430466,122.11051865915968,111.18923132419374,22.582192580767316,43.923536546265275
121,40.906125452052606,123.7406061112076,86.76906431847036,21.939165414225897,48.6268903421112
122,,112.77460444058369,74.71109430398408,27.456038327059982,59.57791614472906
123,35.98148937207719,77.13990174539033,71.05663756187599,23.209853101265068,52.076033514006255
124,55.868570938002705,132.6686306460219,75.3369883921807,24.30301399668383,53.07676653401114
125,71.90455625809979,77.07309213962624,83.20678672762816,28.698265758623357,39.044806111544375
126,40.09463674869312,,57.28780777036732,,41.192459103972695
127,44.33702270397228,84.91448299961284,91.71482542003308,31.591511624263347,67.98725018351311
128,50.99651365087641,98.71723306814015,85.73071973161866,25.363402621646706,42.647989652367535
129,44.96524345883801,106.5752482060696,85.77278588561902,22.9425342771891,66.56208252057296
130,34.493365689338674,106.42714430900546,81.57713608214591,24.553829228892756,47.569388011191336
131,50.68562974806027,108.4384150847057,75.29424986540985,24.812146775102594,50.02287936143504
132,39.37696286273895,132.27422538117293,85.09291853950229,,60.703651602299296
133,54.73592430635182,109.0706860302796,83.87721200612067,32.47469113726618,62.718924219386565
134,40.80575765766197,95.11686729418703,69.68938933588464,25.20662816135309,48.89187439720912
135,65.4993440501754,119.28174336576714,66.39597340654649,27.215010652236877,46.11756946478461
136,42.16746707663763,123.78940977849281,76.5278444289298,29.757748852870215,49.44079551477787
137,46.77938483794324,75.44784369726015,98.23530227242782,,53.379575282321184
138,58.135172173696695,,56.41339386519149,27.367359495176142,58.91303686869755
139,37.69135683566045,,52.9871210137134,23.661794545506034,50.04229858994152
140,52.27459934604129,94.04872993280016,77.47141261854775,29.23385387608247,56.188862980231534
141,63.07142754282428,127.51413626623238,75.76331552784028,,66.3835973227094
142,33.92516765438772,96.99888825934947,77.60012496555612,24.504528498793654,53.81309612264785
143,51.84633858532304,102.51152906943085,78.6592979686275,21.98589672108019,53.11652856004778
144,52.598827942484235,96.5385635143226,71.65196618047793,27.161314753170778,34.810891749099326
145,57.8182287177731,100.31158095162935,97.34795157903123,27.350220936841012,23.692698631709366
146,37.63049289121918,,50.98644032285227,21.46187052588987,53.88375729230168
147,,71.19898234811411,62.57254462829631,21.43913067911978,49.05175768719128
148,55.21941565616898,131.89010126449944,73.45117859776428,24.446673157213354,44.85217325085258
149,52.96984673233186,,50.35216783268749,20.516788863423958,52.435302041863444
150,52.504928503458764,80.17215301087386,72.36218393351893,29.209918477260636,49.395962708030915
151,53.46448209496975,56.932197727925704,99.92205248592028,23.15396399776277,61.277802506338986
152,43.19975278421509,87.22076504620995,75.31329732443943,,50.86110868258978
153,52.322536971610035,73.53820413185004,78.46051358578025,23.12588971689097,42.53076714929833
154,52.93072473298681,,56.097528522411295,,59.901662389592886
155,42.85648581973632,120.19634178685268,65.75457887940783,,47.82868925053798
156,68.65774511144757,86.23699309644553,69.37205429514094,,55.265366836723075
157,54.73832920911788,145.04871610688616,70.23427354865649,25.547042359164852,45.22589293807199
158,38.08696502797351,119.63530973983188,94.22465692505654,31.643204141241156,43.50173114502564
159,56.5655360863383,93.50337232982756,83.36536591087687,26.565922369324902,50.84168230185696
160,40.253183297726785,,58.32813064594452,21.967483058921303,50.12828643543685
161,,145.81885145181485,78.69757167648007,27.279520975853515,54.79827035366833
162,61.58595579007404,72.20855066472808,82.47332622745178,22.70454844890504,47.313542466902575
163,41.7931768164829,67.09202506086217,92.102235577819,21.526998154184277,31.636402162296026
164,59.63376129244322,120.45140864019281,98.70811029852561,,45.672261164116115
165,54.12780926936498,,59.77358712258197,,57.93818467143816
166,58.2206015999449,127.68545637021036,62.83713733184493,23.050381467202772,47.026239207568935
167,,,56.136332116280755,25.79026744960066,47.53616597485452
168,47.54611883997129,111.89508683330573,71.48970211339528,24.51688164992555,59.863765059059375
169,42.4626383564251,117.06831117560615,81.99537561669501,22.920165360263205,42.880267727410775
170,41.10485570374477,115.17857179573531,89.81001774883653,20.271269696516093,34.57196781757101
171,41.841897150345616,105.62382847938751,73.86073464536216,28.041230958424844,48.393688804745054
172,49.228982905858956,102.08402207903752,70.20228715117734,,45.15826048751263
173,53.41151974816644,98.74813744200955,77.2763698837311,28.880139569217377,40.33753680246746
174,52.766907993300194,84.92070822266648,62.472856475549655,,48.24621544101309
175,58.27183249036024,94.38649846266452,106.3430808254216,21.237823813234826,54.91505647246784
176,50.13001891877907,,50.885084593229124,,49.907114384321844
177,64.53534077157317,98.033207464105,77.77110868343587,22.492989265571815,53.06981072686238
178,47.35343166762044,80.22817785698166,105.35409328844459,29.876562292389895,68.13407698515422
179,77.20169166589619,77.92821365568457,75.10199766839996,27.578140442219784,46.57121138442436
180,56.25667347765006,103.59788302306957,72.14941447497759,29.892110560140175,52.78348634644669
181,41.42842443583717,127.84004572689199,69.6383186578436,27.61071272966968,44.907866374008655
182,39.29107501938888,118.36633212004625,72.29412477356388,,41.53640280113027
183,54.824724152431855,68.58998792753646,95.59272712014796,23.346053878362213,44.1509234658223
184,47.76537214674149,,41.8220713300574,21.099004354412685,45.212414284783115
185,57.14000494092092,118.81542375976431,98.00150551944489,31.6528745201952,53.59475797547125
186,54.73237624573545,,53.64064271324783,,73.49075786700757
187,49.271710873431275,95.50733700005951,71.00021506148377,29.468488446945553,42.8395656372416
188,41.532062819315954,111.00104198049104,68.56133369552008,29.464769350543847,45.83374694384538
189,34.851527753141355,80.6331109027273,83.8282990465608,34.14810100858044,49.36876986888752
190,,,51.02813472174378,22.951567036852513,53.957988487097474
191,58.56398794323472,73.3194901016359,81.93258999122914,28.561610797900812,52.63550811954785
192,52.14093744130204,87.97264712097572,105.36464434930278,36.40825918269421,62.84095793948117
193,37.542612212880115,,54.55238993110784,21.911791615331516,25.73607929464792
194,51.73180925851182,68.14012532936661,77.84559251415594,,26.130701298043274
195,53.85317379728837,108.80949475920798,65.07026733305086,,45.04121827989851
196,41.16142563798867,99.60724402146637,81.38830809289554,28.563560144306656,60.97300187543709
197,,111.04979908834295,75.28721666123629,,34.34351968394404
198,50.58208718446,104.47828268129322,65.37769636433535,23.138404735310385,19.92367660306243
199,38.57029702169377,127.28280859947688,82.3180842730661,27.186565935194803,55.711794062192084
200,53.577873603482836,102.50449005295815,102.06522164680115,25.92587768414957,52.43657223702714
201,55.60784526368234,91.41188917749494,72.13644312409052,27.12722432092086,39.097915932005705
202,60.830512431752766,102.44595006064567,85.79636913222274,26.11144927900427,40.1446039927907
203,60.53802052034903,,55.60090563193255,31.394329066566968,40.30256280365326
204,36.22330632042909,100.97720140651408,60.65345434772987,20.238418096306013,51.1053531747394
205,40.62174960084877,100.81183382407765,82.08609416820566,21.615024307707344,43.73684723816993
206,55.1503526720866,85.96016624386489,97.26174042803947,21.13670277364588,54.940639189755196
207,55.13785950912209,86.74198164898104,80.3342002317849,29.150959059313053,21.45373337095609
208,55.150476863060476,71.94789456400613,70.30412954215268,29.501992941975317,41.43148134872201
209,88.52731490654722,134.9915348637388,74.98937108135031,27.25612659659254,38.7394603908895
210,55.70890510693167,,56.243883990454236,30.917468334449637,47.43659321627508
211,61.35565640180599,86.14189604408185,84.0677298953305,,44.619522415098615
212,59.54001763493203,85.63185468861604,88.23499593485114,33.336120557755685,57.978437798957664
213,56.51391251305798,117.89848753888883,68.2186450075038,32.61619310856129,31.406632283399425
214,46.84730755359654,94.10100643415944,67.94936778360747,28.678109986228733,50.45491476330752
215,57.589692204932675,124.95484145347467,78.98817344478073,33.9089945438553,55.583364232117056
216,42.27174785462428,86.53018751512263,68.44920395939107,,68.56647436561954
217,,105.57988324447604,74.00801078061266,22.377759318686742,45.18234028906525
218,45.14636452170897,83.29305893480486,106.49582683749773,21.32348269659024,53.24458604352517
219,50.81874139386323,142.90298255546776,71.29461448881005,28.607396618786716,31.96137207437635
220,73.14658566673509,76.24803161940974,69.62489771968167,,26.080437956869762
221,31.32734807408252,106.19641420454055,65.28687291547261,28.787475746687427,58.447743757817
222,56.86260190374514,112.67553761864197,86.16287957249905,31.852680719983567,49.9443970635193
223,33.87284128810349,108.27598194902997,72.28163740172846,28.476014500419996,61.78512689798423
224,45.280681342105666,96.29424682244583,65.25940442517862,26.418755118307505,36.26597111030251
225,60.889505969673664,97.40358600533148,94.81956048409518,20.060633295496253,55.199021395287524
226,50.64280019095463,100.87622943958219,96.29404506770456,20.765745169373176,68.68817840543853
227,39.22255222070694,97.05995996743023,65.99364651391943,31.248094526483335,54.19705608357266
228,42.84696290740032,,47.00190072959076,28.896745019526662,52.76581505591049
229,56.79597748934676,144.21046003182704,90.11270534755383,24.80490240311228,50.0855608082435
230,42.69633368282864,88.85016429984333,64.73055261359994,22.91045227117055,34.291185428740874
231,52.16458589581975,72.60394040841845,86.85938398744153,,63.55572935710348
232,50.45571839903814,,45.44844273432247,,43.89142360194934
233,43.483996523941826,151.59418675308638,88.38896007448963,34.55709543569861,55.04483256383017
234,71.43944089325325,,56.83242106078828,,34.36965693428746
235,,132.78233610888134,85.96146178599787,25.947399106105404,38.2054033549222
236,29.74857413342393,133.55401628152882,75.21409601754651,30.03721986597599,64.35087399222235
237,51.86454314769428,88.9282351658401,60.690908709050326,,46.52697711042157
238,43.38213535231612,111.37966158370551,68.8944553060983,25.923552373905416,64.53275476042545
239,58.52433334796224,132.56793246257075,85.29477685435052,29.689577687553275,49.21769340941482
240,42.07479261567299,92.41744518025025,76.58841679672851,25.06249660953625,31.581022270421425
241,48.85263558533101,95.92839279795277,83.76619470708727,39.34201527833384,58.920675997317204
242,55.049872789804574,88.36638172102712,104.64660876773229,,44.10107682244392
243,58.657551941701215,,51.53637582433423,30.293642649419397,56.98688813517043
244,37.997035929442234,87.01444909867986,99.25818862452937,24.135991313017676,50.25210867540082
245,46.654987641590516,75.52119466475487,76.5653390628482,28.859600774183377,34.568817720571296
246,45.25054688839044,100.68166936518452,61.51823927515308,27.20653575849623,51.64294765370569
247,43.46670767426288,,55.04529561391515,21.334219014450017,71.96223142152799
248,67.65454240281096,104.67571823581495,72.1631941383445,26.1449819622967,54.92986458514459
249,54.049817109609556,68.88208707592746,88.82475167886689,,49.42482246994537
250,37.391160456649544,106.61760464428914,73.08676319433698,28.016237502856967,60.75343401956898
251,,116.6705792321785,97.66732395371021,26.49079232995263,52.106684652031106
252,71.22156197012633,,53.23236464922662,28.19330084321551,52.09534230262794
253,60.32465260551147,107.48113139695144,74.81866578230918,30.290591625435752,39.083748278408976
254,34.80630034045987,,56.214098333803214,26.838099201048554,52.33848025789598
255,45.15765927133749,75.8071796261759,80.45447823937452,25.740447098991382,60.35443416416945
256,62.669111491866225,133.45144773675406,88.3033108514595,20.59465831669354,41.63937847899975
257,42.92330534381219,108.38038018732091,68.6885730947842,21.438896181754746,64.24495821246947
258,54.43819428146229,,35.936792150592986,30.933673100886654,49.08293975854874
259,57.74634053429337,98.88461844684588,77.98422220194742,32.18167702852989,41.12230488461459
260,40.730695284219166,111.16653825043444,81.55107827600264,23.80944781843973,59.976320769202445
261,49.404746439382,101.52010782824823,81.06442132442547,25.230013736266372,47.132057642617305
262,17.58732659930927,110.77511984892739,93.53673287733231,20.47692812503117,57.59514887486108
263,39.756123586657104,,58.93419480526427,30.863784226337224,47.08241367741463
264,47.4743184860684,103.38721648072156,85.20324158175674,28.32708411845889,49.40173856470096
265,37.52216818035151,71.7257100619004,92.88761268716962,34.70608718231875,54.93560204334292
266,66.32411303931636,,48.32118623990225,20.608384614101304,52.90897057590006
267,35.69858622039367,81.92184717070421,79.79477738878465,23.109960504908916,30.044682195482615
268,45.599555133030165,85.28940114820466,67.43730253488492,26.157229612627862,38.78756259905608
269,51.30740577286091,124.72186350420876,73.77715990347531,28.232447688628852,59.29409984790816
270,64.41273289066116,121.82620241188538,80.21514725307505,23.92166181226184,48.678634110984525
271,35.6413784882056,112.18276241814354,67.69157153829671,20.635194547731498,44.762686972285785
272,61.63163752154959,78.15374470654842,64.86437881257582,29.407037644617855,36.41425984742526
273,50.10233061019587,93.67183100610396,75.51228626232037,28.605676812727907,39.20263678724152
274,40.18491348952049,,58.69131091705796,20.418629497181374,29.782013600380527
275,54.62103474263271,,58.712623066722216,31.77721400552748,48.987192812984674
276,51.9905969557347,146.3865907996339,85.19059924434755,30.85099354598302,44.01562419418953
277,,,57.76808947262016,25.671482486238965,40.33412109014685
278,50.69802084990019,103.84098232980062,84.99468751363818,25.39798931188018,49.318765748320466
279,46.1468640313824,93.81767071594997,81.93886939280927,27.770288855579537,53.63970630852738
280,51.13517345251248,,49.11289906814105,20.69148464871871,70.93197932209945
281,56.62130674521047,96.95060327238912,64.83653021496517,25.15015739582041,34.88116580436787
282,65.86016816145352,114.1621735337718,92.91164104571058,,61.59381043300522
283,37.62184501173151,119.13404633589168,60.28251703290478,29.38227822751468,59.73101561015072
284,71.33033374656267,84.28021078984101,68.03393606535919,,42.20907260623299
285,30.479122004774982,73.37534092884444,81.93091339877844,32.51709914214499,52.03235954586031
286,48.482149049644164,63.27589253793407,86.75085763923893,23.349399530167748,45.42366750662385
287,55.883172064845766,110.15982653825087,71.22691670933257,23.941665090344117,51.85688580418739
288,52.809918677350325,77.93266787652253,66.03734707962538,21.86133046957747,65.0913101340455
289,43.77300480179406,56.94218814095034,96.33554792547761,23.55980563038962,56.05606232631313
290,47.918777496427246,107.77157209061929,101.08349495696368,32.092656725740184,55.08608373233442
291,45.06999065341167,149.8599903486558,89.68287076172693,,45.696906800453576
292,44.106352430557884,99.87858176920213,76.27977213847537,31.384826930440937,35.15943335075665
293,58.496020970210246,116.76981548903284,62.8760141753861,26.69011740550854,47.91531789459592
294,53.57015485965047,101.6365871709513,62.54333390165152,,62.06608154863915
295,43.070904047393455,98.02220693617714,82.83771157898636,,34.72832143410352
296,58.995998754332504,118.38152965975537,81.27597331333025,33.38196513604102,39.44910631823305
297,53.072995208766095,94.19450911622697,96.02397889419645,20.272465600286345,51.26267736234068
298,58.1286211883896,105.34784628143805,84.75675138804209,,40.153452151527375
299,56.29628841923612,,52.45379547360273,30.686572711823647,42.07476552884788
300,41.710049890779274,86.63819092713902,90.77921426584378,26.692764381429573,45.76401418271823
301,44.39818959803031,119.84084699073045,60.02909059028381,20.310372117318007,36.343825958098506
302,57.472936051232615,96.50080486609183,69.24043092071473,26.083124877023096,40.25878153783631
303,56.10370265433465,84.88509681014311,78.75300309377542,,57.03427916787309
304,49.79098406035852,110.73019687140807,104.93501234675946,30.504106992113027,36.92630217769036
305,51.17327383308782,82.03064036417925,121.64877834008041,30.30685482436567,34.021278655051624
306,62.77664895788425,100.56362314738257,84.10084588704274,27.660030994109714,43.69975020466106
307,44.0842861116417,99.81762006711593,72.25205071919419,26.808305306235084,57.31955502509846
308,55.470973811700375,121.71791131663156,83.01758472720826,33.80594062433687,48.0307819200311
309,47.97807347566106,109.49396465759905,88.31483138810754,24.998431636941127,45.354189218843814
310,47.8231879677278,99.49946082509712,70.18998561664212,,50.44358797515607
311,60.9877685198719,116.35532598400574,101.92817033868484,27.247369564161534,32.54292567140348
312,58.2541634898803,127.80415098034626,78.45106138787104,35.43023524768557,54.94705653775033
313,58.135096360006386,111.15620612703725,82.46614633637091,,53.83435031403644
314,63.05478807154329,100.20705239686761,84.98886378081693,23.19268616653007,45.90691525904279
315,50.21003841632759,73.7632753529968,81.32379915921683,27.082230190507264,60.05924511796417
316,56.81952971294964,78.69772673849255,87.58410750704418,24.730475754971305,38.725039010469615
317,46.89733243406544,93.89550591290664,65.74120220179616,20.088482098113428,61.27908993253569
318,53.24166352488442,87.80975595681434,66.62547369080954,30.609289281152353,51.54493665595251
319,48.698569456323156,,58.497686505424575,36.6002036100863,46.63447410121827
320,50.96995964992718,101.13299849794214,81.59251845930339,25.980657295119535,49.80126364631688
321,55.95157025436914,110.59385508713461,86.6840475526817,20.47965855132,48.92735234189058
322,41.81779316766527,98.59002443881818,81.86659299227829,,62.20282896417717
323,70.9238727568546,109.73003287652404,100.11738650021306,26.289879906105906,39.23320872528986
324,39.93982618500298,101.2894882962024,74.9160597175643,30.519386716581288,42.37480760853402
325,37.85811387212268,60.490668672922574,85.03112483388769,27.375838732476907,60.3630289207248
326,61.581108735000676,,58.624486857910284,24.98798079540573,44.04465064816141
327,57.91662693962936,97.1182488855677,69.19350446288398,22.053641741053468,59.00533077331592
328,56.24119817052155,75.80610514317785,85.43306636348666,,66.99435983008709
329,56.2834550926428,111.9985745999241,87.73653166114715,29.17375663162441,45.98204973058366
330,49.87753227153085,130.61501664687395,70.59049578503726,29.568858106927927,56.81362326575305
331,41.02745628514168,124.37523703394633,73.92601122212899,,38.46307718660142
332,50.75804558193726,,52.231893799787855,32.94919489090342,57.54733298067809
333,43.22838288487888,129.81452273699904,69.64456198790086,27.870356104470005,51.99423985986767
334,59.75119733417751,102.97334914404223,88.35574745279679,31.997973225728966,54.73038282160215
335,48.52942618497861,93.25828057763921,83.6280752415985,,43.54427927964605
336,41.745028032074885,87.7319467291812,82.50998582071814,,33.389165844328275
337,46.78614158347007,93.95060627023743,75.7466053077144,24.255153451163515,55.03252064749505
338,54.12931454275624,92.23646362917543,75.10594737942264,27.51392213447597,29.365968475205456
339,44.36275447196025,103.40832444750976,65.09518290789829,33.98180411463482,46.82649507757465
340,41.77779604433569,103.2114796209973,85.48242630303803,28.530394569075657,59.4118186641997
341,52.436872114919126,100.0609204030683,81.31459416584084,23.786593615939832,51.91897735873036
342,52.44966571108723,108.73876339492699,82.380282719892,,69.48342644789813
343,44.9305682462887,123.81292549572683,67.1094773599863,31.150002863595752,60.251091525817735
344,45.289616943816775,,42.69985620193133,20.176472871246425,43.46101611674423
345,52.32049937357636,70.30204063100193,91.45729067630543,33.14234277386161,50.27313379851439
346,35.51915658502676,48.9215773019609,67.81743815987394,23.578076751967455,49.52629297455564
347,35.92536225623445,118.68639822478548,62.058363539353195,32.95291036308925,34.17823236653873
348,42.81555778747564,72.66242603169158,85.4021836787099,28.39465645029639,40.59601083515647
349,,95.50469196214632,69.11981040121306,24.31502255278771,44.3923909302014
350,53.10907565598005,76.59773947881281,90.89904576069932,22.403018140869367,29.637794971440634
351,64.75356216949552,63.9603912483996,84.25508924365046,23.2954606132696,50.47493468251643
352,58.576596232020194,110.82925456409576,85.25353984800716,27.141583461876188,47.50928155346959
353,48.40061470036573,,54.51066433199199,25.385782481088583,33.27106098688426
354,49.80983792097311,88.4697919854656,93.179159780796,22.030942959656475,54.04212865277332
355,39.97470635362191,48.179154157101806,78.91875796850785,24.17184294841184,57.158727446909595
356,49.8148686400761,89.07511103495034,69.46084291130695,25.39288514859575,52.27034478864889
357,47.11341361079862,107.83608010805094,77.15082701013377,,46.7593182479103
358,53.227185603380896,,48.356471506525196,27.290840573943495,55.91442151751855
359,41.727690564476774,103.66719839558311,81.12979217221006,20.101393876415965,56.80220360476691
360,55.193465142411725,,59.559427377268925,,53.074035697196884
361,65.32738913002578,,54.70994571234698,,41.75387749565239
362,48.91239851543143,,52.16461220673163,,52.76600765511181
363,54.01711722098941,80.53862118236889,91.69032562484888,,61.95480650825479
364,56.90143991711113,123.93143003328983,65.56104909460817,21.45489521184755,44.0337094138827
365,45.987795281141636,96.8294085394606,98.00591564874749,34.76629568763284,70.97939339132431
366,52.24092481810417,99.45390920980137,66.96297805421554,22.37060162052398,44.74369066014616
367,50.12592400781795,,49.3896306361058,25.888750531340158,50.324070133401364
368,50.97676098548832,,58.25213340077011,27.002406932531642,43.275144039936634
369,42.26990216144534,82.30394571946198,93.53717430010408,25.655325931079243,52.23270835920261
370,50.245101742589426,96.54107880153154,72.66152733095,24.612782696370033,32.57778307364725
371,54.979982912454496,134.23416960284686,66.77569055264098,,44.53958201183279
372,64.51143607795042,72.56197714137286,77.40027338779181,32.25463774139606,39.07878799651433
373,59.59270826085207,67.72877204246518,82.52674104251318,34.03598321818943,51.35338347892291
374,71.53182457511556,129.42340654987217,91.76098223853691,,59.94447375508908
375,42.326524371119504,95.81352645696268,96.7274884483939,,56.46006187114551
376,58.723206367206785,86.61854522680167,69.60347031316371,23.60094828811497,26.283406391411077
377,51.83342005738352,,55.10928470876942,20.177311025449043,70.4206965292788
378,71.89802933217672,87.88768920526272,68.79802258315085,27.529827767279325,52.95279940620868
379,41.91701714644849,136.52019427093873,78.9042075987433,21.358638987966934,42.23500859507
380,41.602781578192236,113.55851742678539,60.54361610684084,35.825280339033014,51.57127918990941
381,44.00607354555978,90.24177183708595,60.642736276574354,30.95274297171798,51.761898225026926
382,28.76104275690193,143.14616426531006,80.15681822324828,26.062870153161075,43.331512830484364
383,44.74244978319239,87.88570153993324,74.27021472644323,30.13493131659866,51.97916667342076
384,42.40867338446302,114.84190744018613,75.4919549311738,30.529502121786543,43.92527712379693
385,51.50393786476208,105.98585160812983,63.62256997949896,22.180262559708783,45.95638007309977
386,53.41755975777159,126.03482578797596,71.54398928691349,20.918913777290175,43.13720864244915
387,68.76170839215887,131.23022393453707,61.136502835975435,25.390715314848237,35.673287102603474
388,59.5042383818605,100.64008298131533,88.3529761668718,29.308180622489722,51.45836470215384
389,44.23096344337597,84.93164259307633,90.52874002085629,25.695301993267087,55.85299436516338
390,41.01585328651642,,47.307182066428595,,55.14883596076372
391,54.919191715065054,86.44569260495788,61.05733709711385,20.985877780245787,58.19925252635234
392,36.797667929793576,,52.55206117364881,24.63013568202811,53.243402100148685
393,68.31458765854353,102.73070662165475,65.24964098389653,24.62167197837085,44.67274501783096
394,61.79440120721287,92.69356897375782,73.74843045314459,34.86271088394904,58.39663864431189
395,45.30824347895295,,53.255321704522046,,36.42482460158065
396,32.868654709091224,73.05747420940607,61.1721028031203,27.527946209179373,40.993286174875195
397,63.538723741654124,,59.94063941877752,32.44556554164145,40.357999285767555
398,48.85460154747382,124.00827815888852,78.10900994098417,36.35724872711398,60.8005605913931
399,62.378163119734616,86.86211442057208,76.04016505554375,22.978012884080194,59.42788514140076
400,34.05572341205633,79.0617803463612,64.1739366999412,27.457147263600998,54.87305237044995
401,,110.73305505054572,77.65231308209097,27.848801785993235,60.71929865211797
402,50.05243699718183,123.71408309325994,66.79979873119102,25.977408657766453,41.20717217588012
403,50.46980593764742,114.37906621330134,70.9251733451092,24.50577399380347,53.485951198609804
404,45.49934528520756,119.92095371611633,100.10178135447805,27.17987694750023,48.74825571616836
405,56.228499323474985,84.86409822861079,95.10691577685522,,58.46882103884914
406,39.32379570617405,,55.506281446086035,28.410347450313157,48.847757674478025
407,48.576205149787064,130.02667303910974,87.44598626818762,25.630889518309836,46.15057111589919
408,51.20295631711899,93.54640322315728,87.17094831737388,23.887625516108674,55.4090851856099
409,55.14438834058749,,57.776050668710724,35.23431097859779,58.76169167191233
410,57.1161487808889,126.56388283698115,87.2816646563229,21.625329906047238,43.31654805153198
411,38.75357908162131,111.1246001880132,98.06897877618829,22.984620054674846,49.38924328647624
412,34.65885829264378,,58.16182790633379,34.95776651102367,39.41559366358347
413,62.77676821898509,143.30004689802166,61.237457684786044,20.839693475750718,25.019389825070604
414,53.323140119795916,87.12963539239715,90.26492200265254,22.249423585317306,52.00459631413729
415,42.51513463443446,118.55680256162475,79.07242966238472,24.26487288284575,56.08905356254632
416,65.51151975522524,101.14026249794169,83.27214412859286,29.203672410647748,52.620668090867255
417,51.156746342928585,105.37184557726513,80.10883824600745,26.039012536766567,30.50438282245633
418,,130.56936852825064,80.86043881392216,,46.491505699235255
419,50.67518481410109,,55.102918075333754,22.33915718436405,27.816522399489187
420,70.60747924881987,110.76592158099265,90.70976559932173,21.963227833938944,63.69701107654185
421,67.55340842443204,121.45014674619604,92.54384988641661,24.613894773884773,39.139454178819136
422,47.51035851520926,92.70094540914229,71.55913883897958,27.129218293149144,62.55403609459896
423,59.71570950954356,83.21580665321987,74.34784575279207,27.09102877943986,59.45869643684146
424,56.45375949585147,,52.03338746166417,,40.994096474639385
425,63.68631557532349,60.67286821247996,82.71382134026753,30.319704937804282,38.672150487322554
426,40.35076539419896,141.12414259880643,83.58086162571216,26.262844229983116,53.50370216386338
427,56.86051459998439,77.93583268556634,74.06713474501034,31.92266023796953,41.55675962816929
428,60.58424486849588,95.57492752828456,91.86530039805754,27.22099163645336,51.024846421582076
429,32.41260513576886,94.46373400222159,69.98884153530089,30.50661478867881,45.17172409193082
430,38.16741487334225,106.14813395618202,83.469088888404,27.332726557250634,32.18841585534366
431,29.607678222398995,,59.705034919618264,31.73112878101374,27.69531980875541
432,47.305931655554424,117.2094697671949,74.64671773688643,27.611253180088895,52.26684248494597
433,57.17542255795962,88.33845122862124,72.38468613145746,24.51042376778548,44.38442253669375
434,65.02357052096028,96.65756572427178,78.37961883061412,36.36217360223441,44.469101830858676
435,50.74094780419775,105.65159900976599,69.45709606749962,29.44518561139946,56.95863839093785
436,66.28615545571292,95.02617747632905,73.02791106492498,27.868722105022066,61.73442276632445
437,36.198985417851084,132.14691152039984,87.3907075716226,,47.27455278638191
438,32.96617560644845,109.81949903276502,68.44853644142674,,46.594012930901386
439,49.44452301103381,,50.90134348891981,26.463577410709267,55.001430331138835
440,53.840654489393074,113.25762537334825,101.24375856308131,25.727605988841205,36.43064430300424
441,49.67305251905907,123.4694771497065,95.72181118035729,21.929387174958418,52.23153054747697
442,29.325578999601234,,55.616059573415725,25.7049134980603,55.51885971822154
443,49.10879960487212,74.06336104088307,85.34561707867792,32.94313464021798,56.80230208417629
444,36.95530499495147,107.99375903505283,67.45537844172985,28.477012372751492,30.63247297497535
445,56.69672548830039,86.97286212416341,78.9523082299659,,42.38644730191059
446,53.66598246096848,89.42766636500487,79.4133619352024,24.442455864285282,41.217367471765336
447,40.60120213672645,111.72728037510187,71.48388299525517,20.975167595737197,50.99886954409213
448,44.861330826633065,124.76566142867271,63.24351501620406,23.061500417957195,54.80744579767984
449,39.40786478111048,100.42543153472123,64.64188421525611,22.931921671851786,64.96710407445981
450,49.37320902726828,106.17666025197927,61.257121267781365,22.611772086979975,45.05034519631927
451,59.551423205012384,134.04429889270477,62.522666876543326,,45.024275016907865
452,40.14273953664456,104.81506358977137,73.99232564925967,24.36172659240905,61.49672018878747
453,55.040465155178445,152.0336622836079,64.26360016333872,22.19696181576345,52.96576938530305
454,44.69742381627559,111.31019291263088,85.2307809856893,,62.67651511187974
455,42.07127167737656,64.78474481688365,97.30869233003891,35.26486012250832,52.88728003009836
456,48.929696400454425,115.06683242209066,66.29920137944936,30.44384827108336,38.42883381286729
457,39.64757677580626,107.62316769765556,78.59106750803066,23.11849637537502,36.668716452221936
458,44.46350694652818,125.79505508165491,82.495276654544,25.094095248702992,34.48487750941071
459,38.021221074111516,113.46362702539916,82.08003406378911,,56.620518347584735
460,69.6472513291639,97.23088032032453,76.13932901874131,33.47861438905433,61.88596823087008
461,50.35263551971729,75.51403527421269,86.14023627539584,34.486443473865556,68.4936214138638
462,43.00274492007414,95.8195348542795,82.23373429020985,25.783468641232623,58.431053323232405
463,52.13979910734222,,56.43506366509053,30.117653220926723,61.628385775349855
464,48.8767195030917,88.38953100390555,88.03734096583909,25.87643389466962,44.19983667346315
465,47.79030400466777,111.7715680884122,88.30936255900113,,38.43584183256144
466,56.14166700043425,133.39809008702812,63.550708437321276,22.940883155181712,58.50079332417553
467,57.57507710047305,107.89343059645962,75.56906753171403,25.659639833859785,54.17680752239401
468,44.69498852389472,76.0823387592963,85.24993489216604,22.72726140628278,51.07444374340893
469,44.2418175935532,108.89205336440281,71.86029270630958,23.90673361282482,53.8737148063299
470,47.24948302848356,123.93262973291303,91.09467071649019,24.54300221245443,53.23185482458206
471,26.98078835264415,87.80434191361236,110.45808741929042,24.595607510672693,62.83816859853562
472,34.84808937801448,97.31965666654165,63.210209510475266,25.261292452487417,62.94985584816956
473,63.66874267444525,,54.28433095269338,,55.44220352340347
474,66.44967713501283,84.30203373835519,79.55727893407314,21.41491925436032,58.45802872562928
475,47.50963960443622,112.96560867687718,85.82343757689215,,55.14062552424776
476,,97.58103702784437,71.53700439232847,29.889077748431003,45.38830267965381
477,53.112501545435364,108.39064887814055,96.79890994981551,,57.5656467491314
478,80.78880808455239,,54.92091300415127,30.767951716584626,36.05504931140739
479,61.195749114345766,91.25083399353178,85.39377934547417,31.931746986314216,60.53891552295883
480,48.72082408519233,114.44762715655543,65.9120876886166,23.48909706508689,38.05477060233965
481,40.44459559399574,92.54333695816466,100.79066859310944,,52.85803286794733
482,33.93553679742428,134.5392770246681,104.88773029752177,23.193447190163546,41.54846041573841
483,52.03463635867223,92.00727628770795,63.500151183249784,24.679079193555904,55.533889830744265
484,42.436492547156966,104.49369451503772,66.7566429613713,,49.660747740720915
485,35.77746290402326,118.65181663746179,87.89381830469702,22.423908030958785,34.05244041836667
486,43.534271157574736,71.63268534133937,69.19304025315728,32.65097599431676,54.20699631018479
487,39.18451996385605,64.78382376038448,74.31883173101643,28.324635811508706,44.220792231672895
488,66.87141635072564,69.4868737085981,75.38082630813615,20.3771794281095,58.81146720813369
489,58.816397569494505,,46.204902657035156,,50.01325688734407
490,49.92027358683383,88.96283708215107,74.79243380858644,23.364913411951143,53.95420985388038
491,64.79944138890026,151.16398571336504,64.6540833890374,23.93271610324781,40.42431044984788
492,50.77368307647618,88.71504802685223,67.60315766400342,27.480995936816583,44.10667768572638
493,41.38715798671736,103.69102606394074,96.65448005203221,22.323416437161704,45.413613638989155
494,65.23124077269657,,56.152396585811154,27.557497876809308,58.56702480242556
495,55.38910043684659,140.12185776318245,87.19807780121965,34.675770200301145,66.77377087805489
496,39.62753845673544,141.23007153272795,70.81555604502287,29.077505112221314,41.94828248257124
497,48.09661321916392,124.16732461186285,70.80359747256249,24.759557463346137,60.7684814465768
498,41.24381746615243,120.48125051622925,86.85557844077567,24.084247644733527,28.30322582274298
499,36.172002690356635,111.85053898402366,80.10076941853336,23.216634329100643,38.058105989077106
500,59.26177547531641,115.56722152333276,83.55919495829296,30.903204562260722,40.41221543813225
501,69.0941664047013,88.97628567342933,89.52276990799291,21.863432770243485,36.474913105592776
502,36.01432426180859,83.63602233155386,70.03037425225016,25.22611354499991,34.1641161021242
503,55.62969236690571,99.93251085178096,65.81644898238375,25.255989509405428,54.129989121377974
504,43.49357430878173,,58.72274210163303,22.49107903594234,47.859323022721384
505,45.12874616235304,90.9354390134545,62.61884205031567,,53.794053976051096
506,44.07606075761131,113.92774894913431,119.23641637963088,26.61487251808834,56.90472686121513
507,41.36009230320184,119.10610417141021,93.67019371105181,24.694980140723082,52.65616993172534
508,50.48521627944827,,54.733884506879676,27.50120234718285,56.57763176150374
509,41.69049883588962,,55.16313064884645,22.331998467804166,49.30467713757731
510,52.704568257798385,77.1662177173299,82.22799092577738,31.10410649406524,38.13006611694256
511,49.49761890550863,96.12681081440564,83.2089719606695,20.616131093940776,60.57814180820796
512,47.6105195313359,85.66355358794391,83.23325752976046,33.56020142008946,44.10887867218873
513,40.92436337958402,62.6692676585388,71.17566309669454,,40.64403701237574
514,44.23228669431667,98.34638628314602,73.1181860999565,27.173850322784457,48.22082124195602
515,57.55391225825756,97.56504983233432,79.91819286239036,27.377153412633117,40.87189080703487
516,55.009171876243805,130.26899486484263,76.28839509439996,21.02221466029559,45.82569618010568
517,40.22444755201449,,41.71049440878697,27.12196968930506,53.440539215634665
518,,79.51626351341591,71.55300554137209,31.397593348800793,53.48341739246127
519,57.51387123371789,137.08185132668376,62.2289034860953,,41.021699335743705
520,33.305947188786284,124.42067391050706,77.62817128362768,27.51372403745407,45.12294627051256
521,55.43360192379935,111.64195406937232,119.77888503905115,,60.743330047702436
522,43.37376241054153,95.47031802300336,80.51222498211456,20.17167598238396,54.96400117733941
523,55.70598668593159,80.81121526553041,70.29705470741403,33.145831824504725,70.75065039348542
524,42.367408434574834,92.55586447857894,88.82702252965878,22.09108983303973,61.80128173741528
525,31.95117899335481,121.77497239408372,82.24031830813819,,61.44293068559939
526,33.72457562116837,137.69172611869217,81.30141735677762,24.010311355076592,36.12131449544198
527,50.48084946661382,130.86487056544377,84.10275889823507,35.339531690817765,57.63860351633423
528,52.59722501721482,90.22301156427451,105.84815347244312,,49.46893198303089
529,40.956833748955916,,58.03667347011127,,44.490181964617506
530,56.38592458777374,102.81772493822407,82.10448115217181,32.48715841589813,51.680153405325285
531,33.3847993773104,64.63121268874298,61.10428305027692,34.288511717688664,59.45211534611484
532,49.33920201352684,106.46335428369562,83.33268969513372,24.48284387854858,55.008315910042114
533,37.889838002375434,97.04794827402662,61.21970232770858,,41.2152619865794
534,43.48163892197841,90.67926996263516,68.73949779592374,35.479217509045796,57.424589135926205
535,50.47398671316414,68.10593865466409,70.5736512864314,32.97221195874599,43.62412457924036
536,41.39586634716048,110.27200213139433,89.63725079017064,28.394734938811165,52.16683118964286
537,46.154444557701744,89.34598320676177,88.7768166591362,20.9379882553129,46.96649932522866
538,60.0629280921444,,56.31423935330423,24.754853295809816,47.811337482643744
539,44.23108130476851,42.55475573436701,75.82401166499773,24.198199594775847,57.662429750405096
540,58.35692112065142,99.44970189898727,64.3563021787624,26.65425652307789,39.598062801841024
541,38.702931453423815,,56.12242633986998,32.255007190656684,69.45195074276933
542,55.298041779152825,133.2251842909574,71.74474424363444,29.397085205687016,31.789139307055038
543,64.41568620657901,90.85807486827457,70.37275817316271,,44.02332316745143
544,25.283554998727105,87.95575879276439,111.40074729518284,31.882482250097688,53.70211889941741
545,42.03104744529523,109.37548512150047,81.49439738041045,26.565660700065777,55.8431416643531
546,55.7707212718054,,54.33573748868644,28.43532897929458,48.99524279428295
547,47.96954613957007,106.03583799638932,66.52838993743586,32.33270429639302,49.42609296998457
548,53.71145873371309,115.32160556769381,90.32074943144097,,54.10550085327617
549,43.960148132841795,124.53866447768615,106.32664159304888,24.820872106467686,47.6893052254232
550,50.865897874729,,51.210250316430624,22.342727243203925,63.93181257934906
551,48.44322764607921,,46.80113422291433,,58.39349114231602
552,61.67782061659807,82.44034826486877,103.06447763057673,26.733549888024598,58.728243510056345
553,52.54420843301213,83.4623929192028,80.84421266056356,37.55778275792212,40.33843276629583
554,53.37602662075202,95.47042216196947,61.9756090218545,,49.206115755942974
555,45.881230338775325,107.34731013632356,83.01943629183653,24.83859694475265,46.995340512792964
556,45.123937759275066,,35.463783914746834,28.20271467537387,39.94398624310534
557,45.67441812180379,83.9364209863931,75.05063259895742,25.615391008280906,53.60164183945767
558,53.944521423782966,129.85377137919045,79.91731759264628,24.434359737421296,44.62354242220184
559,45.79015519179737,94.57752797914863,88.86405209306744,,56.55403829850237
560,52.89774856896413,,59.791560715611936,26.163933714700818,39.29808437105668
561,,85.05576641704353,76.28530742105039,21.21618011492037,67.1904061284182
562,58.711247034316926,51.515194794541166,61.11863060910619,,41.03667341407938
563,46.73976467832159,117.680907927221,78.83075633511476,30.972961102568654,52.19302337200436
564,62.012139221639444,114.73687794184866,61.56980516455464,29.79192909921021,57.918593103880674
565,45.91924626978449,94.37344885763574,68.87848741259668,25.2583048842554,44.293595697998875
566,,101.33981434449744,60.062769078146566,26.145373441028514,58.52468643432951
567,39.91913689082596,110.31878435408198,84.76704362735485,30.371590063577806,37.70816402199584
568,31.292080789741444,68.74908286226915,87.87676674984998,26.121698283890414,64.5211769918256
569,46.48486515958692,89.4189464530741,71.48069145063879,29.520087773806573,50.141492649657586
570,50.184183791895514,115.88529359243654,75.57356992440043,23.51258899563075,44.0358859203112
571,66.76437312275283,,53.27112878049684,31.559918692869733,47.00818227572566
572,53.269273737641626,105.87115864333259,70.50485027989819,26.603928629663418,58.089192693927195
573,47.80899471191136,72.8683639075319,74.24693074437383,25.97025971802937,44.155447081495616
574,58.294055811834895,109.32859964867053,114.31189636544963,,42.50642310577223
575,27.88864690992115,,58.320494613387545,26.434779271508543,47.78463402416262
576,52.356145581085656,67.69736368188981,96.96265858128656,20.840225412527744,38.23037887230032
577,57.708651938869664,123.29478708914343,89.95288160198712,21.808586367357528,68.20543907941816
578,35.214137542201584,85.30816846403901,79.20954606735205,20.923121858419393,44.336054087852766
579,61.43754043206929,83.79495125971238,101.379307262927,,58.31616786180403
580,53.38496407494414,104.01138394461886,80.58158208910294,35.62385701508481,52.09470083647773
581,45.847120860991986,122.9727469885743,80.83738793501894,31.656695309942016,40.15465949518032
582,56.32781866106285,79.68356362043207,74.20319020473681,34.60183751072131,49.940452907872704
583,72.70692857804396,101.23359699695943,93.35353323627942,,57.84002779310748
584,51.81866255058495,108.57633000661146,91.44703850716326,25.356268749554463,48.11738664913693
585,,113.86211214526288,65.6148406875568,,61.93112945851028
586,45.40639100459756,,55.211292081018485,21.52152561401468,60.21515392781864
587,41.50155630535208,92.65944321833355,71.95529043906514,20.409365082917127,59.1891485465833
588,58.303358165442454,83.44819558702561,62.99942153403531,31.197920032207808,45.40343227727003
589,,101.7228776609275,74.04713138076967,23.0188516094912,39.20157552218513
590,50.715662372193925,78.55721976028786,93.56157202026209,30.34189666847008,43.864123946372054
591,45.223425532348834,41.57299033010786,68.14047517369815,28.02060444794259,51.962409406667206
592,54.78979825746392,108.73119608315335,74.35764928032637,36.51819376052394,55.45786713532355
593,53.33662105286948,118.07869682172391,75.87034102212593,,28.284285952395525
594,60.375399442578995,52.741351289163234,87.72646323307927,31.296166198933996,49.9188679838825
595,44.89983601145253,,41.29665999023092,30.732204352003638,51.580892253231845
596,47.30125064706629,112.38308522010395,65.89949557852054,20.133105809864826,47.224557436844485
597,40.21236284217693,141.149909394234,78.16925538419208,30.0356666823658,62.91273839015879
598,45.55706739923888,100.41587415350816,93.00118434640292,26.680724815131143,54.21780074250871
599,53.77300493044852,85.43994117541732,67.62146328740693,23.86261870023296,63.10191908080897
600,57.56988616645352,,46.85170940937189,20.880322565140002,47.84039479649768
601,40.77834675822375,127.4975283829637,84.29567168949204,21.40445274275407,59.37477492506925
602,58.6960592010566,87.0807164175093,65.46956416761556,35.24906047892963,66.35066394527519
603,63.55637858804951,,57.155000113644576,25.003414094787413,63.116934492726614
604,54.13434903223701,90.34512955635935,65.63481915430164,28.910650007657296,39.07858406571267
605,68.76795812558066,80.93342783482575,72.23211963516226,21.045503091662233,47.46323922457619
606,42.26210800896427,102.4534063198959,65.92883003192681,21.100735268891807,46.54835294550204
607,,,41.91650914351396,30.40992404624971,54.89254535076328
608,32.212797510957216,106.46158546232058,88.45599295330697,,56.86353555014533
609,64.96044311489183,94.95292995747425,94.12312561918083,22.923931160473643,41.61107325974264
610,56.54365656354058,94.16377462168911,84.77282987009258,25.17013705536116,50.67838513916938
611,49.44415329089545,,57.93471494362775,25.556863009200264,29.800726678438636
612,52.799686263198204,117.66219554294318,71.97762699078723,24.10453357491922,64.4194500580189
613,,98.44325605974396,74.90218027155812,26.979098905479617,44.87625759323306
614,74.45751979616827,96.39040172818748,83.98191584342865,28.464278779089057,50.55863939844497
615,51.292211819752275,163.86215135689721,85.02510733077122,28.67318772729665,46.90350286011939
616,51.09394794604893,105.97505816731372,63.987393018322564,20.07098095666087,61.46027575013415
617,,84.96417899809632,76.22993334620341,23.579224510356013,21.62493558602621
618,54.810092317367136,91.47284807588913,81.85920606922862,30.97381430938469,49.83389657674091
619,52.23884024279131,122.9689141839351,96.83733483220149,29.47323593786936,48.94181242502302
620,42.09525544554688,102.26540821075528,85.56759809737085,,45.46363612408317
621,54.714683571359956,71.23444043365267,86.83585031063278,26.757399501761007,67.26226545635632
622,68.82024496475034,118.38457869150407,76.25739941894041,,41.12670541144229
623,63.454200461549775,86.63711828922013,96.15688717805256,25.234674510301847,57.71796177235661
624,65.93186626639397,137.4659555243509,81.14644193939246,34.48883508372988,53.56252788706084
625,44.88784323568815,121.60096131429297,62.08368134739644,20.260536413655068,62.615192525355155
626,40.10395179741419,91.05356208682498,96.05054955187786,20.82838477254209,43.32810915222495
627,48.74213079900352,125.62032723470226,85.46854908808541,28.820148907864297,42.67031100876241
628,50.557249122886944,101.35711021054807,68.35433968307277,,60.960699074773984
629,60.94191518470949,117.05547350244439,67.80760548901135,21.836224850574805,54.253213083301105
630,33.07535370285181,109.6946563458895,79.44863317711143,27.982205687908763,34.55062653323242
631,65.29550319460614,83.07286690018253,81.94777192901377,21.828570761552985,44.6069498553673
632,48.419921014210104,87.12900335365076,77.95938398446809,23.820150063945142,53.86382653848061
633,45.7311893005258,120.59921635162323,79.66963010164328,28.720928551575174,58.37764221546589
634,39.87895624739832,93.30449335786918,100.49936061864571,27.107730417682806,43.207693468070445
635,33.451433281342304,91.92703073516006,91.07314728352328,26.33409198147701,20.85744010183059
636,58.231705839619146,80.89754841301294,77.85953386897536,23.304388603649805,55.23223185737033
637,50.73317967188404,108.47198131186923,89.11965871151224,26.850305576344777,37.796793100560244
638,37.10039100258946,,59.512141447086904,24.381336599501218,29.826612018775887
639,37.04921227936384,78.64934171491454,80.96890574920214,27.289028049628925,21.676740750158594
640,46.64215300709872,100.48438913345517,102.13959524599665,22.51533987441011,58.139808601977414
641,66.69021525289392,128.24441110830858,71.72931156911439,24.087155128102296,51.28617450404967
642,47.40408648636395,98.40717217508569,62.28549107071373,20.05021103723993,47.74343619287748
643,,109.04743592499467,65.21866667110409,24.82496194996882,63.89024362962762
644,47.54256935914056,,58.655504439864174,20.944995681855776,56.37324683023073
645,47.27276430252329,108.56614194415297,63.22857137808445,,66.16300042721917
646,23.031133570584284,96.25711469990902,69.44237852114956,26.293305739276942,36.072645278330036
647,49.45705133482188,,53.91649471232037,26.063698879288303,49.65449376046036
648,47.69065469791322,123.74772103129501,75.23427500924404,28.914368674742864,33.83286625051986
649,56.96206364813418,151.79127284037227,88.53415760679971,22.844372152124507,47.70617668144533
650,68.48956094945345,111.59266346427151,61.38365729779619,27.04026423418378,47.513841462333225
651,61.26565029547757,106.51592633164333,97.78925885462652,27.753987861368316,56.26613637263071
652,47.31111309445169,103.88768603154672,82.66188132791392,27.223869039157975,50.455638811418986
653,,92.93667414378623,90.45870878436085,20.871731585989288,56.23407138279916
654,75.7335980324986,106.76967686923382,65.13248169221794,25.746817411355945,57.03440133138894
655,50.59218434014488,94.09197179721941,87.81787840599924,26.820701480273307,71.54928677383143
656,50.13929291912946,,58.6209914940703,25.03589233453971,46.847033447138756
657,49.758749128899964,126.3519507121592,88.35371251254763,,40.58977299333621
658,51.98084760767855,79.86914869440717,77.57759009690297,25.8024481198674,52.46083615316409
659,48.556395880760576,122.7975712225809,83.29876829977175,36.06265519698621,41.97719972860457
660,44.26337993119763,,57.36608091562722,23.199803656215085,64.81960768436537
661,44.53141058759608,97.63862946017842,61.57395236585093,21.359614510723393,47.167819610547674
662,49.672467297840015,57.56290201982811,83.95842327380078,26.86674279855699,44.3442363212601
663,44.56575228866235,87.84356025811135,60.77477993663699,26.561891052332857,45.28684278848882
664,,125.93989093122218,81.94809438148684,30.96367582708207,57.18417423471641
665,51.064302276918966,,54.49293290309632,,48.422530167685146
666,47.450227825791444,80.01395535410178,87.72261319000002,28.65690126287496,43.58333179869618
667,65.0399298858269,,56.51215027847236,27.952110306257318,66.6535191762353
668,23.490301916069882,116.81240053009105,83.28449906519285,24.28926731529727,41.4383015933825
669,60.91506851922462,110.9346713640276,84.38446400469002,26.69343658960845,50.35566074032994
670,62.46085192497629,95.22135801660612,64.54842272355637,30.147287407991787,56.5230615161023
671,,92.66351176370625,83.7303985062709,29.361576900142254,33.686648895829265
672,46.573124059196516,92.16483701912357,78.90663395000334,,54.80260501405925
673,46.28559134004209,81.55179631002994,66.91737215710893,29.10079093377742,39.4489232451955
674,35.924883052821784,,59.871679738856876,24.676556974837407,58.227827808340024
675,42.22183312409125,,45.56061462491131,25.364370490077576,40.37348988081024
676,38.894241545341714,124.34317041650993,80.2447507094954,25.36598495500847,56.92769031848861
677,67.52270443423623,,51.52795842956917,24.2487850560087,61.05833066294713
678,59.35678393147461,119.9662179629592,76.43016299161962,30.958537485535324,58.61436525632805
679,62.71555094994159,91.36759374563903,71.04827675876626,24.58141020075394,52.513166482381024
680,57.21672064043235,108.07460180673219,85.18714163157293,,47.686990570703
681,38.70948228782771,99.51608787218167,70.46931750765204,23.032350720151356,44.23580423665156
682,44.75479733720226,81.92596278539745,70.05828320479363,25.893473584052376,64.71034690817103
683,54.89374561227918,106.48718563443207,85.97806056432444,31.146073921485254,43.00504779832357
684,37.778721911080545,76.41920417680396,80.02587043626177,28.01547342474417,39.62933926430004
685,57.12998430172388,123.75358776923127,79.74233935774167,20.74732360626478,56.6536893503283
686,47.59674601841865,90.70765405403213,82.03901384712789,37.425949583394456,42.03863196813505
687,46.251791924504026,,51.966418151893414,26.3238765548899,40.499365025338726
688,57.10959968203491,105.66575743092284,86.35183019980472,31.376953689995073,35.56395737830235
689,54.4426331148604,94.82190052591845,84.18703191020404,24.241427832113853,45.170901605394825
690,,,59.74975307135254,27.666796223527246,49.17284976103507
691,61.59329803364248,90.50192686754951,71.33879289488698,29.197342522592024,52.43091727660699
692,39.189366724001026,117.42594594914488,74.41039068558553,31.09097355877128,59.51306244299484
693,56.15935606944264,73.08040639506503,72.98254823397401,30.286841526891124,55.268979236657934
694,55.93101257968384,102.52759159092824,80.00789949852802,29.360985000364888,48.091277804468206
695,46.904535606860094,138.7785799811657,96.47050172746775,23.424566344029458,48.0180432362028
696,53.26133022242118,79.9933735078885,91.22650091509243,22.14126979021969,55.10157468915183
697,37.488864236146966,,55.31671209852891,26.663037551620988,62.725701629285695
698,59.24027019206901,110.2781569931783,84.33104985459073,29.665640361705346,51.263141994832004
699,48.15097863557011,103.59163563879196,94.93399979303115,23.886396496116966,45.30869145789591
700,44.772769794809605,107.01260198547118,80.80212781033804,30.325859828571932,40.07133998914455
701,60.49009225836889,109.78374260295327,91.3647063777895,32.263083727430896,35.547947355877746
702,42.95656309457241,112.6944293712354,105.18405668551148,20.418395404632903,56.662696720435235
703,35.91538703636441,122.19399683912447,90.35564319160471,20.815396481018603,55.77978523639557
704,34.433708264760966,108.19637313857025,78.73962893462593,24.298124705473317,55.773635251066615
705,56.06009951345639,95.17484690762915,90.6763271112713,26.538063340945982,48.71340553647944
706,37.19570647503717,113.45147402405462,77.17331749645336,22.377164931164746,64.0693474589175
707,67.54794181984364,137.9976386979043,75.35854564927433,31.76101339433572,45.15881505415182
708,29.18070592116278,97.34732507234853,69.72878646429402,27.120334307592255,59.55269237207206
709,66.96456368290038,80.50941390658717,98.45120038248163,25.197235241203696,49.61257105010457
710,52.11017467202618,122.14161338573945,62.72357001086998,,43.91649235320662
711,,97.59237672092803,97.98551587017174,,55.925303073177616
712,44.550809131910505,56.546609079719275,82.49796185610558,26.405046251409033,54.096361186839935
713,53.991361143520706,,54.01040737797088,,53.56972759266926
714,49.62365297575152,89.29343628092154,80.51473939487133,30.063187048220357,50.81278422056199
715,61.03301882016521,,43.49960238522564,24.209230778138398,49.62106918283169
716,51.142276486620396,106.63960661138029,84.38262025246553,41.215464847973664,73.88371992870438
717,51.50301761461878,103.80999359558133,88.27847224483486,36.539581253080556,61.84256645196173
718,46.36387787786144,114.1890363427808,66.11466066521919,24.092754653762416,57.22826894985512
719,49.43054376278933,91.29027258860313,76.85321543933374,24.468314987343426,51.11799158203388
720,53.07801768892059,110.26211596352165,104.31236150625429,29.97790757001015,60.07157200596669
721,32.89831607343375,94.80906644832166,67.41379943607095,33.51586304959019,55.17994776391452
722,36.518145778942866,,59.11638619415099,,50.26204752774036
723,57.43264094022715,112.30734968026107,97.22495103693899,,46.96435674734085
724,51.708654381279416,81.29122595910809,104.43880785796192,21.889825972228092,49.19082662337312
725,48.16016663647321,121.71964232350064,75.0554350777177,27.91368791586932,18.295742641219444
726,50.184339330653934,89.28073109771904,90.17194553112535,27.484367952537987,52.10600839297642
727,53.47581705361671,116.1611559656229,95.12213873296321,30.34885727491925,45.115239198896404
728,44.60240319690639,107.34574626802682,63.86273651192424,,65.92669998282884
729,42.216952745976876,136.76367353590246,67.72041246948197,,50.19344070811754
730,,95.53068035256295,93.46311769732102,29.290070976510727,38.110365804650385
731,40.21627222384968,93.01366407763605,100.27521418062764,20.859018635173825,49.501198458718825
732,54.082527557144715,99.61160788224535,83.44321290261533,,39.538789149374956
733,32.9741639576216,93.93640434331449,61.802784697469185,25.725318729796907,54.73407415712467
734,60.29155637325644,115.998838038841,104.80591667549162,28.965878441093388,52.909473643394854
735,54.72597482413043,67.67378783126824,67.03543653282053,24.389714339393613,59.57839631108268
736,52.56029734313876,78.92635161707292,69.97293328242823,22.710758069087554,42.09118208305435
737,59.82690983945514,78.64394156841614,80.13506751734432,24.203188839270467,50.34008096228147
738,66.65474444462576,119.00615183947151,98.31240631072161,23.147086187996084,36.34978204573365
739,60.1437006501813,134.2122674516385,87.80963964828335,,57.01494781924715
740,31.591257686683548,97.91101562925057,81.22298250542866,21.426596615047842,55.18871180440122
741,37.204230332642986,96.62356553619979,81.9493279517716,27.606399525069072,54.95805021027571
742,43.75181422304321,101.40104326226363,75.65272002965199,26.6083927068825,50.01619031356941
743,50.26091050210834,123.23756605216381,83.37209271777759,25.8402990298341,54.14772890788791
744,55.17659020469123,,37.05659883458546,20.024257590733104,66.04339108308596
745,42.742561868465344,104.7673796546957,70.55088811395302,24.092484189321663,47.14905742957986
746,51.86766764477078,119.5039525956486,78.61982902375172,,51.38645183710084
747,42.44617067646678,,57.73478874570739,25.892383319426948,39.1387370081859
748,43.884821970080516,103.79163233197487,80.7948497671734,32.14428853906784,41.317390384016676
749,,120.02092185134282,71.93293168520817,,50.97813293093307
750,40.76766753889096,45.93535414001526,101.33213547473235,22.070361633411224,61.03933546701907
751,36.48315394383666,113.55750639061816,98.59529587822284,26.64553389355065,47.43719175748428
752,40.241267470226674,86.91848633745153,68.01291646322755,31.264213172137417,47.64083470687876
753,60.536417966078396,63.387342062870864,72.73743432649957,22.758876918499254,45.931147554956254
754,40.50601111168057,110.22405199049962,73.89078651587411,21.538748353670517,44.65243329155677
755,76.32382064837391,127.47317090325916,68.22510785760566,,52.949714557088214
756,54.93317900880889,97.25102970744616,77.9253747604219,25.51719064654053,35.027423548213555
757,51.84836123694874,119.05749094405877,63.625768966686145,35.21038020071872,62.80939576666728
758,41.41642219818787,,58.04076997593711,26.38679230982338,43.34577701870539
759,57.003098794089915,126.29828907168095,84.34066835850403,24.888605104081435,57.21903485438141
760,44.24362173762226,132.79929058742786,84.44294376332716,26.61041155383493,37.30001402606124
761,,114.84254982143784,62.93526360510012,24.94453998025699,56.68840130546218
762,75.60084538268795,101.50867277803185,88.430331461439,20.93492813869935,56.719446078144976
763,49.0394010027535,67.96068376205663,65.52633406252002,29.116399578388528,53.84202072005897
764,,95.07875023740102,78.79747857056972,26.12880761555877,40.05571478200208
765,42.96823574874112,83.13506809367617,87.30516018918684,25.088066259668288,52.495481895980774
766,49.65011509503038,143.4188543499563,74.49581152944431,20.12316986360875,38.16943815265611
767,67.7080063563551,96.48228375135326,81.82111368211702,31.517539659673794,47.472367449038146
768,43.730329422122324,102.46409613568972,67.25355534168642,28.32351372666555,60.29413100955326
769,68.12448557996929,111.02970752080935,72.05300124857854,22.23539581316349,57.96701927070742
770,,100.87204892744907,71.91210853679489,30.009124268409685,50.15182942540433
771,44.37533224105732,133.90102080861504,63.80132480189641,22.512145808073964,40.25193424077158
772,56.32407739055521,87.54701276531097,72.34838755326327,21.089982537444815,56.455877121741935
773,59.7255444962673,,51.7707255170438,21.201484412598564,50.193812376980254
774,56.21809962217196,85.15058828603904,67.63269379286842,,26.79684401769577
775,34.297752801095434,73.59954977558588,70.72686759945493,27.35771190209103,57.826298263165185
776,42.728628241751316,87.76461818189429,71.1573037125693,,49.75767166130308
777,47.52481364448495,99.25926405903176,71.37753831193832,,62.02451247983072
778,49.25566570899954,91.4139555096548,74.07353700209806,,39.04729481157195
779,56.206720975506784,86.15158040252288,82.19162277129095,24.569651536045534,18.232961868039993
780,51.777010009332535,71.87365072656333,88.11775611198783,24.24839769864064,52.79083858345185
781,36.64655641289899,98.3378885474261,65.25352159727599,23.36651893406818,52.91563676681973
782,53.801978510059634,,56.951987169162834,,33.093283723935485
783,56.10585745283823,,59.36933381635345,,40.21500454133394
784,55.5979044793104,101.64879505869007,67.6919561820761,27.32184931773287,77.55217743719902
785,60.807807255546216,70.8489700107014,69.72118023275236,22.247240341457562,46.94389385846197
786,58.33922154548904,93.81581845900273,63.45005900703814,26.581791607680724,57.30958976376216
787,54.59180079228437,,55.55825003625158,20.573756569378887,43.493401726316165
788,49.29834288541353,106.3834902083836,68.15818758788717,25.905313713855413,29.096971011468433
789,33.39039066484008,126.80900892046289,77.72139930170957,31.516390186580317,48.297417532040946
790,54.296182191325855,62.49655060708511,83.92544198753347,27.930829001963918,47.34395439713895
791,52.076876871631114,102.30052158294835,66.63865420337518,22.937930908917597,46.001217613316285
792,52.715788371953735,96.79734408866719,68.8050326678485,26.285994851779638,48.853591644936074
793,37.232514241796906,113.42680152900931,61.09952536729034,23.796674127348936,52.64268271645636
794,39.189434595917376,104.26393256475379,74.52841244437835,25.03940092347364,48.49883048746194
795,60.53152853332904,84.96061336522362,62.27357048713778,23.371944739257483,37.35993832052636
796,49.60444846143345,93.61892128666764,83.596917198618,24.178323970573043,54.86184791561939
797,56.81500697372624,,48.21200262098833,26.060466765370876,30.506282446775767
798,50.28318376130461,121.52014277197196,69.60555491321307,20.033206502090245,29.496425427157998
799,50.297561394957455,100.42623297343884,79.51661008787613,,57.39180494701568
800,59.382838059759976,138.02381371506016,77.75751774483757,,55.07020272135357
801,44.83955271782626,98.78678372370759,115.39550495970745,,49.42604634925964
802,50.96120776940983,85.83186466179075,80.24700036851861,,36.04551495244928
803,45.377247112949576,,59.93918104736984,25.797312534020644,42.920890593259244
804,45.65503772567684,63.9372064748811,73.56803629366391,20.53606242254058,47.37253252313496
805,46.908278765313604,,48.356304998003225,27.56807232115548,34.041060314258864
806,52.22133771633713,105.34253302022967,73.79100376054859,25.17356874376281,42.60971341976767
807,45.212513783365225,110.17450046459868,62.50415914498862,,56.523303381766794
808,62.55756125573521,68.37618595935733,88.73085413340243,28.274877921108448,64.27305364289217
809,41.05392697780496,117.90076628152231,66.75689588106698,29.05399322795855,45.8056524734145
810,48.13128355838641,90.3387789663312,73.2485112630713,20.030686625825734,57.56488354316098
811,45.60268941725825,102.93586023971099,65.46663237893395,27.10095771447496,30.85939929412533
812,64.46977884353733,132.2444125651085,101.08277027779997,20.717508812954005,56.594512411136115
813,51.965547765115744,117.93678631731063,70.18135850823133,25.48835188374168,41.96051585272519
814,60.31844539468635,94.62938704188335,102.48835565218803,,53.0734561670797
815,35.14439626963028,82.17615549169426,87.212276431774,,47.52247581760291
816,52.67050265869259,56.9636919734139,82.23100091003079,23.085914051935156,63.20414009783834
817,58.89630795623437,85.6169336151516,80.5309972097628,24.381355268625818,41.25564351660082
818,50.82283989275424,95.7773952234461,80.90695947324377,23.01160153192698,56.27606297561831
819,60.654803750653514,,46.08491130981585,,47.20492536703466
820,44.82711549899628,97.3748606581539,70.81674908773866,23.000504689344314,48.41694521990336
821,64.0934744018558,101.53703765917537,87.67736956776483,26.34647376290367,48.1614610684079
822,72.9889812361925,95.50288036383843,74.26654224788842,24.775534849387316,41.54326895505887
823,46.37161439560341,,53.922152297946376,25.91250515299607,49.85901034093328
824,45.54497478599228,103.37309343933455,74.21393324133795,21.649423997728835,49.37351777878178
825,64.533844771177,108.83881299138818,100.56158274383236,30.858589573580797,52.41240248406729
826,65.79572145730712,78.19201845114307,93.70337573302079,,50.84505145692862
827,44.771399728467316,128.21864759492541,74.06993985950952,27.437801485433592,57.97994549612236
828,45.798131829041424,98.02823735431477,89.2717391558713,30.90945546479981,59.235086160473685
829,47.18215391139493,100.37699245889695,69.50239469447922,27.40454046374448,39.49376678172199
830,36.555494889657226,,49.441926197599216,23.98737886467585,58.68772500590771
831,40.81348053515802,104.66432262527003,61.133010178056686,22.358514766685104,38.13663572890145
832,39.95859233247932,119.0627326782649,98.44333152762297,30.18043825523128,55.87855888137735
833,42.32202434895871,105.74248330403648,70.89010377256044,,56.197387847028686
834,49.65315112613219,87.75125250719124,71.34924030937474,20.14937869810178,30.886831083374958
835,52.342147325365204,107.23007050412204,70.5024270558768,23.01221117254139,50.9297924652941
836,65.50500492814076,77.12547585358676,103.56204884359511,31.18826878755999,45.31503886639684
837,40.016459592612094,102.17119411553047,99.38938373043095,26.89883818020448,42.41234742064625
838,59.843223984765835,99.33540018711078,108.281703501722,20.159771207448774,63.50852330699006
839,47.86011155774491,95.83766285454921,72.61432184399924,23.448461473075483,43.46320859362581
840,49.50536290347567,97.42924977122138,79.43436733120643,21.92838427951853,41.9362307088195
841,56.74819492166604,,52.25036175868813,21.451055038832326,50.756949400050935
842,38.772779784377015,89.02550184518077,97.15401639177412,29.894447792783897,56.85589746298416
843,53.82409746184051,,57.48330673098097,,48.58351413989873
844,51.66452208213056,103.19712783994801,78.25163345643944,33.04390427867187,61.663705456692526
845,54.92451264008149,,58.54046208550734,29.141148450923115,55.30975661964091
846,52.89168643907818,125.31415681729402,66.16699759891956,30.45430835301849,28.217886802685697
847,74.55300139910895,82.67650303570998,62.441063534254496,22.68530243987371,44.70533036492992
848,43.62260015748684,119.38914401053474,65.88187108986273,24.250296404604452,44.38157900648301
849,44.690030449981826,108.5438872374337,66.91315945276531,,54.79360953429422
850,43.76859473575236,87.07545380312393,66.77596807612385,22.376687964665983,23.75182943625888
851,44.44522880839745,135.50621785219025,87.50000867670461,27.468274238215756,75.49009708717722
852,43.62612872693482,,58.4270581040622,31.48031530890698,55.3102609489421
853,61.89016531107552,118.38308347220003,78.308121405208,,51.48876803917691
854,64.20504247989855,120.01164636085957,93.26938728458337,23.17247031507367,61.81567716419146
855,44.29253706250524,86.58759581846711,67.30205453229905,24.24350389883739,73.43654052812624
856,41.67644426895771,127.84930600128658,64.23121663878597,,58.70746644588403
857,54.71415556386404,94.99906970802094,71.54213062229624,27.956746208792,59.4881309647162
858,44.477769557190285,105.77387258559715,92.69587812541064,21.380048341286955,51.30690024464382
859,56.32931817755511,105.20643677542441,77.91161446430037,24.02304824411488,48.58474246633052
860,52.029230208513,97.31382517058904,67.03178558088602,22.74025314044061,45.24204555995099
861,34.84255885002768,116.21616546319564,82.2581497678206,21.053307471401627,41.73888008285458
862,65.47505201330061,,58.46561775245365,24.964775072597227,43.12985900300502
863,67.95877673095522,65.02936053523638,85.22039265664422,23.92195210715989,36.494440356570166
864,43.87211309515614,126.08680485756305,81.12910961552652,23.140710588606673,49.24128549314977
865,46.122984400640156,66.75016023928652,70.38287293291674,21.357691891598286,33.153324227736135
866,52.85865390724905,120.65092408683314,62.421213023291536,26.597623353914777,51.90916524143711
867,53.34456789987025,122.53410273655166,61.69978616574814,33.26808634246142,49.63669391957658
868,56.5854427267283,78.18067139569604,83.02226004518866,25.699436164195635,51.46935298386688
869,70.1020453876635,91.78371424090831,93.43470753733592,29.980591074555644,44.77868429980008
870,48.2305277250595,77.88590663028128,65.44038379456808,,80.76860370180503
871,42.01702755461546,95.70157939422529,81.87580055327226,25.78880719646885,63.601159001803126
872,36.20680771985473,,43.694594720968965,,37.55457499915277
873,42.69069960058081,115.59321064538679,66.23073404014201,,52.32868087426898
874,49.66873027126203,126.20617492239217,74.53411600693647,21.30314296270482,43.91993857062676
875,67.94557863517788,127.91367621579911,61.354748745272495,30.959496672067864,39.85520273292586
876,44.823887009638284,88.75663946843396,60.95240437815606,29.750079143348227,36.599279288760656
877,52.237879516388986,95.81556252510944,64.9833066529667,26.215023610272,54.32216690759254
878,49.83577103927248,66.331236155581,79.38289092489559,,43.18619764930426
879,61.88393273448084,83.88259867007622,72.19006472390438,24.018596743060314,59.678260240252044
880,75.26932425873622,,41.42653150012542,26.50850004450868,59.93782214530439
881,44.69131227079679,,43.18949771047401,25.87768114789299,63.739143852114495
882,45.10560557481778,75.31302256240156,65.89702233214237,,41.47613233925897
883,60.44160877069072,88.15071481694211,81.86529879080328,20.54841075990064,54.753656106920104
884,56.81891489626312,,33.78742735912148,24.679611179256415,56.32454216642301
885,68.46707325736034,105.60322317639213,67.50404735772554,27.68145454758595,45.258218248960354
886,55.839281853259635,83.80792960156708,67.10628215223868,,42.28228042607125
887,46.40707909212941,108.48122088928179,95.82506667312671,24.189380122600706,66.09520665775973
888,55.90654830692309,90.52321305858167,69.22467282430705,25.71524384939476,52.27495875732054
889,61.087035805829075,99.71095458243441,80.74483477111393,29.248059942581065,56.35967750711738
890,58.204821811973645,110.925684960074,77.11885710131195,28.464287921187182,41.77923988172073
891,55.07274031107298,,43.04150280289199,27.912856594044026,37.80715533477806
892,60.666746895891535,91.27228218946863,86.52310824947605,21.00029746649033,44.30550225507889
893,61.692955904456724,97.80780392148338,78.23094758184432,,48.75978612610003
894,,98.2327408158933,82.62402959511884,23.034736214692995,39.35779993182651
895,56.48709887589643,92.59977940235744,133.8935655965449,30.0081591260428,49.90155191349617
896,,,43.73830590752117,31.96727263762216,33.114948119315
897,51.46713686433323,131.97294341009433,100.87044974641663,28.552745511488926,38.79952577530128
898,62.06508966508357,111.21838895882478,70.68828720899467,27.14670411400867,56.70911248276875
899,41.83064329012764,94.09039363941679,79.30993356604515,26.898198241929826,56.037905202778944
900,53.686733088729014,113.93908809021471,74.31731632048137,22.219406266196096,46.08123234613134
901,46.06661187672639,93.3236102048798,68.63645499902935,24.3496985322319,39.82235690923047
902,50.28744822934817,123.46249275173282,66.45250607641862,33.34534762913165,39.72596448473989
903,62.78451862607299,107.39284384396188,79.94263103359513,20.287209971040618,46.26731754058686
904,51.910990680199035,,52.24239454992481,33.07389395354926,56.44518491645292
905,50.46436548156149,108.95433851620555,86.25868751282648,23.38985922753971,59.28245691344325
906,36.40143859020081,68.58247695863001,68.7570839267212,31.62716054547539,45.03468264518031
907,57.46253566027221,,58.04895991439463,,38.46507574015216
908,56.45484181141075,76.12149987201889,68.24980713006279,27.929521005823247,52.678436378663335
909,,102.85886189527413,93.8572382529386,21.31614932026189,41.764650293741504
910,46.92221765046999,134.65029998970184,66.96997369475665,,44.817473611387975
911,52.19150327663939,144.62600292385264,80.3768042731443,26.092670212054728,63.252760904370376
912,52.49383683710755,112.76102202881515,64.0356558642679,30.047358942979844,58.27115428565768
913,65.77453279763475,110.01688949888914,86.3688277488543,20.775292807032518,51.579743122514515
914,49.047044676130476,63.97884531694522,85.28261608185306,,37.280809988872775
915,52.790215257703395,89.14652400531956,102.72913249944617,24.540776178325224,52.11396567470659
916,56.078965097165394,84.24432496183522,72.36654081751176,24.562823356114095,60.626572907875264
917,51.86609123156358,87.58304803497768,85.0298220713686,27.741598137772492,46.24366334234465
918,45.535663854494715,96.63712362830421,76.47101309308417,29.747972856822443,63.51114089986715
919,51.94089992898308,90.55818844605746,94.43807672794522,24.70292409363753,62.92745289518207
920,60.73631749859772,60.414003792484245,64.21751418586905,34.27751657397131,66.63732832143474
921,,114.95820512235068,86.17507969315922,26.12117372267646,53.05243126531353
922,51.32969674146876,78.54513948520386,72.07954055824978,23.267867469965502,55.873916998060125
923,42.99879185060827,104.78493728222298,74.03717734337253,,64.1418728833109
924,61.950466289248425,141.48165339499946,76.3762872667256,23.68670239841916,54.473939370689756
925,34.76813095216225,81.61230816827154,78.78360594640016,23.31806527294432,44.98765892209787
926,44.410781527284115,49.39424954507341,73.25656435317063,29.80152398140735,45.514571634721385
927,,94.27991556239779,78.22069774755789,27.31241812033427,52.38554953773739
928,65.65524029234341,122.01919269997143,98.67177086343277,,37.09438578053781
929,49.34249738927012,139.16694908441187,89.78174528422828,25.86127193205519,48.56741084635807
930,44.44800473306802,75.40900811095166,88.03731888745345,28.357655858645266,60.96547118230254
931,68.8115706944059,109.93398446473043,68.16690710964194,32.640156796939166,28.087461488347188
932,35.51986099583756,90.69379086439893,61.66138757657514,29.437519837070298,65.34482101794515
933,28.011940433799182,97.88103291391728,89.3295083735663,28.80423327155739,61.2237421870316
934,54.40014450053332,152.8868669403407,88.14070188794692,25.30042997307582,45.40235384169524
935,44.97945775647389,69.94059343209693,97.09006013626473,26.941560027117248,55.43390827871809
936,39.787671828692865,105.07479322989147,65.94029061046156,31.247524503530794,50.03147726906327
937,,109.35386343530867,71.5567701695948,,62.299903684386834
938,52.43800713771199,,50.407737562118484,23.25280336391522,59.82683142769941
939,44.359213692632714,101.95966306941791,69.1129334090869,21.137156256218795,35.99929276816991
940,37.19695601329106,106.16101079008205,89.94855765869171,26.89576559363062,55.87262413464177
941,58.724573282801444,92.16702865156418,68.00256931157703,31.151110878253938,47.94372146356752
942,56.50201177958661,105.38253882490214,84.60719692801236,22.01512856639463,50.828325705181
943,49.00824136220617,93.1361544900518,72.14245341003283,,42.71828099030184
944,68.46636996047665,112.43143779712102,79.86085542332341,22.93889627487765,67.48137069120835
945,39.29915233673847,,57.78462915276499,29.567368660087034,60.40061819902576
946,34.74474829075261,107.54200787804373,76.27814174450852,27.688149514749398,42.60228836027033
947,43.080919301187556,,30.13296043648915,27.140931239052883,36.653893930897674
948,49.54413983644502,122.52100501544336,72.19655762757023,23.600033490627602,46.14327369022152
949,52.43339449322692,,50.5429013442729,,54.34502646091306
950,47.5876394214367,64.53935063586238,93.08991774820224,27.576471608122336,52.40205843946223
951,53.520553965142966,125.23843001427983,86.66111029146766,20.828590949826875,62.53132824768244
952,37.48460575809556,81.88535398274762,82.00006472949121,35.920483666902285,57.89919722180852
953,64.4376460407326,86.9246732270236,97.8150934073907,27.85253604177258,59.695690257529066
954,49.178488216074314,88.08677411913015,60.766252187627444,22.096758487230247,53.268554006104374
955,61.172958315881274,127.48876186341634,101.21044796873338,21.94307376305686,36.1070126978901
956,53.42725346377704,57.28651572042609,88.98287346390578,24.535278966932058,48.04301468853099
957,54.567532191537836,162.75497067319986,71.4516706917158,23.80249038989125,60.600897399086655
958,55.69767280232204,121.12113618132103,92.03430220774416,30.584168877649773,49.48477071475354
959,54.47708560017315,,58.40559731382549,25.932080848720233,55.030903686237465
960,56.42722759867544,98.90211998767427,62.632287577084895,21.341841305457358,46.81251684753867
961,63.29152530132431,105.71108149715315,65.8711541514045,34.45220342577891,39.70188151458155
962,51.9652116970147,110.42244856758677,67.06533437903977,25.246541657601114,48.766559359538896
963,57.09003757588512,,59.15163535859621,28.844198379844485,53.09047443032654
964,49.102643057127736,111.11208932006897,93.34624600642988,21.958867462776205,43.44312280538556
965,64.40117215449473,101.79161362510497,71.11718399445253,26.815578138722618,47.64288755143332
966,43.2360769794073,96.05323159385348,80.2875745253532,26.555549955715975,40.605367580140175
967,68.00940432910815,96.97453432692977,66.44472950379479,,61.19244917564096
968,,,47.69095049177224,35.076375552303205,47.05544242411966
969,35.69224897881952,122.67540193734129,79.05086037587134,31.453222304612737,64.52755545126183
970,51.28104414910789,,46.31617536870335,23.01402341927006,65.28747850540908
971,43.18948342525119,41.19222730671439,73.97048930871797,,49.189540352782565
972,58.406435489887244,,54.47527441750785,26.73780806901776,39.915512674526504
973,,103.8947238943755,104.80913998846212,25.433488497071984,29.141021222666627
974,45.538165667852205,99.62582487108205,88.67044083262083,26.778344742816145,35.279629269732084
975,31.104592690544692,92.22963093822229,76.5863068690722,25.957886980970446,36.2616517510134
976,45.47693680750923,122.48225439972026,93.95560016482003,27.53120494652963,63.784696274615044
977,25.761206733710434,118.95052924245715,62.305260338013966,32.23652849695903,51.15824587226946
978,34.16097176514277,84.54244664352782,83.15219068005139,27.840516025643232,53.896045240919875
979,57.604146561442974,108.1410457424907,77.99715650578071,,27.79578991064874
980,,80.56686530917428,78.96030122000505,31.81281426356226,38.020335707827385
981,54.254575617849646,72.40763670422139,94.08530250160152,33.20307281744144,58.87079776446287
982,40.33023856870787,87.4656555082007,85.98738154169703,40.760283672560426,52.867741123825866
983,49.5228864385802,117.24786944765518,79.33085494237535,,48.527947213144024
984,49.963974609094315,,50.17668845657556,26.214410065751373,55.64842358600123
985,38.416353108074574,110.26170840194587,60.59930557080804,,66.35797806135815
986,65.0339830176715,114.50191573695994,73.15936599606414,27.765745781896044,47.78957536462949
987,58.77362290575671,110.32356574229917,76.40058561414976,22.258998509166137,50.69369802658069
988,47.79035826170336,,58.046944129891145,34.617228974124764,51.92596918731305
989,50.26885838994531,108.63845089347882,111.17515013367631,21.12692514990709,73.92109635273992
990,52.08382807947552,116.00819050455365,97.74591082880359,,29.006437355809744
991,29.582651315757094,115.08582659627149,84.03177480588725,22.6436812964874,56.83223014788808
992,47.52822617479403,123.77826742949286,76.08055291925618,,48.85197751240936
993,43.180157520022014,114.16607694402127,71.81686545148273,28.75549727253655,55.667717261841794
994,39.983799901050844,107.02896415083165,60.72122309966647,,43.42627446005275
995,47.18899707114045,121.40300476632855,76.16220777778294,25.142287905915794,49.5103496914155
996,67.97686526849523,99.4695748150188,78.86628810214125,,57.114105794654954
997,56.4084286126701,,56.37359136777563,23.39851097731679,81.1291020104384
998,44.28821010217203,96.73866072112472,80.01264625867346,33.21689077902267,58.08036189402071
999,55.72582781356159,85.10194710387103,72.67111426762877,26.803239457178975,41.51934401969491
